metric,ehime_value,rank_desc,n,mean,median,q1,q3
基金総額,130227.675,21,47,209217.13038297874,122663.096,87552.09,174483.2825
有価証券残高,1540.314,36,47,22462.260212765956,6419.927,1768.6375,18316.604
現金・預金残高,128687.361,18,47,182206.09819148938,103835.74,65693.2375,158800.043
有価証券比率,1.182785456317177,36,47,12.300277542003181,4.3559142533021245,1.402752767386764,13.96214536882488
現金・預金比率,98.81721454368282,11,47,85.6344434588886,95.16488976912885,84.67107733958517,98.44989920385356
地方債比率,0.0,44,47,4.4219970839513625,0.8252601295028857,0.0,3.423593350059309
基金/標準財政規模,35.06777532039561,12,47,30.05443581642969,26.08657347184813,22.65574182656453,34.76814947883523
有価証券/標準財政規模,0.4147765463436236,34,47,3.5784096926664333,1.1998850208383645,0.30920658785226807,3.7840716026381154
R4→R6有価証券比率変化(pt),-0.1476943453726931,32,47,2.678785447076941,0.0,-0.3654752636151942,2.7048657254909356
