prefecture,prefecture_code,fiscal_year,fund_total_million_yen,fiscal_adjustment_fund_million_yen,debt_reduction_fund_million_yen,other_specific_funds_million_yen,cash_deposit_million_yen,trust_million_yen,securities_million_yen,local_bonds_million_yen,equity_contributions_million_yen,source_other_million_yen,other_assets_million_yen,standard_financial_scale_million_yen,revenue_total_million_yen,expenditure_total_million_yen,securities_ratio_pct,cash_deposit_ratio_pct,local_bond_ratio_pct,local_bond_share_of_securities_pct,fund_to_standard_scale_pct,securities_to_standard_scale_pct,securities_ratio_yoy_change_pt
北海道,10006,2022,136903.702,42848.498,55851.418,38203.786,128651.516,0.0,6490.0,2000.0,0.0,1762.186,1762.186,1358763.32,3094654.845,3058479.552,4.7405584401216565,93.97226964687924,1.4608808752300944,30.81664098613251,10.075610666322667,0.47764021183615696,
青森県,20001,2022,133467.892,15987.299,18747.448,98733.145,130178.38,0.0,3230.157,3230.157,0.0,59.355,59.355,381388.392,798600.986,770615.744,2.420175333255432,97.5353532968064,2.420175333255432,100.0,34.99526855028141,0.8469468572604067,
岩手県,30007,2022,111574.493,29702.292,29797.012,52075.189,30.0,0.0,9212.076,3740.0,0.0,102332.417,102332.417,391047.741,879040.072,824677.066,8.256435456085827,0.026887865849410584,3.3520206092265195,40.598883465572804,28.53219218571065,2.3557420320195632,
宮城県,40002,2022,198269.012,20769.884,19749.268,157749.86,193253.287,0.0,5015.725,5007.639,0.0,0.0,0.0,477964.354,1134875.591,1097820.691,2.5297573984985613,97.47024260150145,2.5256791010790938,99.83878701483833,41.48196624721516,1.0493931101816016,
秋田県,50008,2022,68471.2,14038.69,24193.653,30238.857,67569.155,0.0,650.0,0.0,0.0,252.045,252.045,326727.631,658765.038,639205.052,0.9493042330205984,98.68259209711529,0.0,0.0,20.956660381135624,0.19894246409787117,
山形県,60003,2022,69833.844,22926.347,18910.392,27997.105,68650.995,0.0,1157.921,0.0,0.0,24.928,24.928,330051.143,716149.217,701825.691,1.6581086385564,98.30619520242935,0.0,0.0,21.158491791679694,0.35083078018608777,
福島県,70009,2022,528471.516,32308.283,29929.775,466233.458,449874.335,0.0,78494.755,2399.483,0.0,102.426,102.426,495387.012,1344287.454,1306838.789,14.85316665581651,85.12745178871667,0.45404206799293234,3.056870487716026,106.67851663418256,15.845137861628073,
茨城県,80004,2022,227806.778,77636.521,47245.371,102924.886,227624.629,0.0,0.0,0.0,0.0,182.149,182.149,658567.038,1340774.026,1309533.583,0.0,99.92004232639646,0.0,,34.591281502916644,0.0,
栃木県,90000,2022,106635.364,24440.268,34676.363,47518.733,99157.425,0.0,7130.0,5440.0,0.0,347.939,347.939,451844.183,1010319.939,979908.39,6.686337189227394,92.98737424481432,5.101497098092149,76.29733520336606,23.60003027857946,1.5779776011855837,
群馬県,100005,2022,90593.288,64587.635,1.489,26004.164,87075.207,0.0,3447.664,2546.239,0.0,70.417,70.417,452996.546,992572.541,945817.362,3.805650590803151,96.11662069269413,2.810626544430091,73.85403566008752,19.99867080664231,0.7610795337057604,
埼玉県,110001,2022,261198.036,97959.702,33257.393,129980.941,93361.901,0.0,167836.135,165113.682,0.0,0.0,0.0,1269110.35,2285622.612,2237199.908,64.25627756251583,35.74372243748417,63.21398297190872,98.37791009665469,20.581191856169166,13.22470776477396,
千葉県,120006,2022,387627.269,95494.396,41585.046,250547.827,387527.269,0.0,100.0,0.0,0.0,0.0,0.0,1118595.845,2240426.182,2204550.383,0.025797978624666887,99.97420202137533,0.0,0.0,34.65302242384067,0.008939779317703437,
東京都,130001,2022,2361531.791,649764.469,0.0,1711767.322,2154797.482,0.0,101115.157,0.0,0.0,105619.152,105619.152,4028123.502,9755045.494,9188314.158,4.281761413729789,91.24575371850243,0.0,0.0,58.62610195113129,2.5102298117174264,
神奈川県,140007,2022,341147.406,66185.028,55705.55,219256.828,323995.919,0.0,16926.065,16926.065,0.0,225.422,225.422,1376993.363,2539155.772,2492642.65,4.961510684914895,94.97241172046314,4.961510684914895,100.0,24.774803943626562,1.2292045448297488,
新潟県,150002,2022,112436.693,48818.168,33195.362,30423.163,112336.978,0.0,21.402,0.0,78.313,0.0,78.313,548180.873,1193390.575,1166079.268,0.019034711381986306,99.91131453857328,0.0,0.0,20.510874884173493,0.0039041858361227428,
富山県,160008,2022,60666.53,3441.379,26702.331,30522.82,52239.114,0.0,8307.497,630.0,0.0,119.919,119.919,307388.299,643086.782,614212.503,13.693707222087697,86.10862365129505,1.0384638778581863,7.583511616074013,19.73612209617647,2.7026067768441635,
石川県,170003,2022,135186.519,13513.164,52434.615,69238.74,134519.218,0.0,10.029,0.0,0.0,657.272,657.272,312075.84,649453.271,623877.954,0.007418639132205187,99.50638495248182,0.0,0.0,43.31848277649433,0.0032136419147345717,
福井県,180009,2022,36560.919,9426.784,3316.203,23817.932,35660.919,0.0,900.0,0.0,0.0,0.0,0.0,262208.954,554078.342,535947.139,2.461644905588943,97.53835509441106,0.0,0.0,13.94342887314214,0.3432377065201213,
山梨県,190004,2022,92715.389,26229.398,16848.785,49637.206,83412.426,0.0,9302.963,800.0,0.0,0.0,0.0,268591.078,613385.091,583045.839,10.033893078958014,89.966106921042,0.8628556797620727,8.599410746877096,34.51916187625562,3.4636157944159267,
長野県,200000,2022,125079.606,40116.579,23843.544,61119.483,118939.866,0.0,6088.71,4098.11,0.0,51.03,51.03,516202.363,1180398.469,1156362.77,4.867867908058489,95.09133407407758,3.2764014303019144,67.30670371885013,24.230731001128717,1.1795199782919243,
岐阜県,210005,2022,102223.735,32991.05,35768.058,33464.627,70233.398,0.0,31990.337,22591.255,0.0,0.0,0.0,484482.95,981072.16,961418.272,31.29443176772987,68.70556823227012,22.09981370764823,70.61899660513112,21.09955262615537,6.602985099888448,
静岡県,220001,2022,141581.59,5729.013,83457.317,52395.26,115006.001,0.0,26575.589,15791.288,0.0,0.0,0.0,726566.363,1384631.998,1359231.789,18.770511759332553,81.22948824066746,11.153489659213461,59.42027474913162,19.486394803003012,3.6576960279676474,
愛知県,230006,2022,375740.291,182462.345,100001.198,93276.748,371291.216,0.0,4200.0,4200.0,0.0,249.075,249.075,1400259.697,2924785.931,2849306.635,1.1177933537077076,98.8159175082983,1.1177933537077076,100.0,26.833614636271292,0.2999443609637792,
三重県,240001,2022,95352.551,53255.61,16655.415,25441.526,93521.66,0.0,1830.891,1830.891,0.0,0.0,0.0,445218.907,867829.22,829846.648,1.920127968049853,98.07987203195015,1.920127968049853,100.0,21.417003972834426,0.41123388320074195,
滋賀県,250007,2022,88514.298,28751.907,17383.934,42378.457,85973.003,0.0,2377.909,0.0,0.0,163.386,163.386,346850.325,683731.18,678985.794,2.686468800780638,97.12894407183798,0.0,0.0,25.51945078903991,0.6855720835781255,
京都府,260002,2022,18999.383,21.06,0.0,18978.323,16999.671,0.0,1999.712,1200.0,0.0,0.0,0.0,534645.298,1172280.594,1155652.494,10.525141790130762,89.47485820986923,6.315994577297588,60.00864124433919,3.5536425871643975,0.37402592101352405,
大阪府,270008,2022,475332.101,333179.975,21327.234,120824.892,466944.822,0.0,6428.604,2619.164,0.0,1958.675,1958.675,1661424.631,3942613.114,3895343.951,1.3524447405246884,98.23549072693493,0.5510176978348029,40.74234468323139,28.609910562954692,0.386933230677498,
兵庫県,280003,2022,104886.668,6699.23,0.0,98187.438,96754.363,0.0,5866.0,0.0,0.0,2266.305,2266.305,1101386.098,2683182.088,2648172.795,5.592703164142844,92.24657894557198,0.0,0.0,9.523151616900108,0.5326016018044927,
奈良県,290009,2022,188313.884,24212.526,13716.286,150385.072,175723.329,0.0,12499.9,0.0,0.0,90.655,90.655,336500.795,603570.473,594644.618,6.637800535195801,93.3140590950798,0.0,0.0,55.962389033880285,3.714671758799262,
和歌山県,300004,2022,71325.299,4634.043,17789.975,48901.281,71325.299,0.0,0.0,0.0,0.0,0.0,0.0,305574.736,662895.167,637231.552,0.0,100.0,0.0,,23.341359934939128,0.0,
鳥取県,310000,2022,62502.585,4003.418,10104.56,48394.607,55852.374,0.0,6650.211,6650.211,0.0,0.0,0.0,218535.827,405728.488,383422.974,10.639897533838,89.360102466162,10.639897533838,100.0,28.600612475317376,3.043075861423857,
島根県,320005,2022,45182.681,17804.992,6836.577,20541.112,20281.193,0.0,24892.162,4760.42,0.0,9.326,9.326,277976.278,599893.659,563955.467,55.09226422398441,44.887095123903784,10.535939644661637,19.124172500564633,16.25414993145566,8.954779227600133,
岡山県,330001,2022,109437.47,36687.703,17556.649,55193.118,97434.261,0.0,12003.209,7591.182,0.0,0.0,0.0,428688.956,802008.865,788998.145,10.968098038085127,89.03190196191487,6.936547418356802,63.242937784387486,25.52840899404929,2.7999809260306674,
広島県,340006,2022,165516.03,25593.037,19437.304,120485.689,164518.644,0.0,0.0,0.0,0.0,997.386,997.386,579288.543,1221698.617,1193714.538,0.0,99.39740821478136,0.0,,28.572294757087924,0.0,
山口県,350001,2022,69956.104,27631.695,1.187,42323.222,69933.435,0.0,0.0,0.0,0.0,22.669,22.669,376358.415,776771.731,747765.426,0.0,99.96759539382009,0.0,,18.58762849769149,0.0,
徳島県,360007,2022,87845.803,19672.401,25817.163,42356.239,87090.455,0.0,706.514,0.0,0.0,48.834,48.834,258554.954,563618.625,535631.5,0.8042660842886256,99.14014332591393,0.0,0.0,33.97567969244945,0.2732548686729089,
香川県,370002,2022,76237.949,17082.148,29694.002,29461.799,76237.949,0.0,0.0,0.0,0.0,0.0,0.0,268414.402,515593.484,501282.88,0.0,100.0,0.0,,28.403076896000535,0.0,
愛媛県,380008,2022,115771.393,30305.935,18788.119,66677.339,114231.078,0.0,1540.315,0.0,0.0,0.0,0.0,362869.208,734178.021,707431.134,1.33047980168987,98.66952019831012,0.0,0.0,31.904441172644223,0.42448214564405806,
高知県,390003,2022,54360.747,20233.04,18588.629,15539.078,51767.602,0.0,2359.707,1089.058,0.0,233.438,233.438,271082.248,496689.021,483483.446,4.340828870508346,95.22974730277345,2.003390424344242,46.15225534356596,20.05323011782018,0.8704764024238133,
福岡県,400009,2022,180114.721,45627.172,69200.346,65287.203,161562.974,0.0,18491.986,3432.064,0.0,59.761,59.761,988028.165,2277786.328,2203057.341,10.266782136036511,89.70003845493562,1.905487780757243,18.55973717479561,18.22971524298601,1.8716051480172124,
佐賀県,410004,2022,72733.802,18003.861,15928.744,38801.197,72681.334,0.0,0.0,0.0,0.0,52.468,52.468,266020.003,613699.133,595781.19,0.0,99.92786297628166,0.0,,27.34147852783837,0.0,
長崎県,420000,2022,98537.806,16558.507,28264.944,53714.355,89806.246,0.0,8731.56,2283.995,0.0,0.0,0.0,389963.591,802100.998,786301.848,8.861126865357647,91.13887313464235,2.317887004709644,26.157925960538552,25.26846307556953,2.2390705700522693,
熊本県,430005,2022,108590.422,1785.878,62102.005,44702.539,65369.241,0.0,43172.419,24590.638,0.0,48.762,48.762,435111.278,1028620.307,978345.151,39.757115042798155,60.19798044435263,22.64531028344286,56.959138657484075,24.956931132453892,9.922155821481603,
大分県,440001,2022,81174.592,10873.689,22369.351,47931.552,39495.004,0.0,41400.047,15593.272,0.0,279.541,279.541,333039.115,736303.105,699396.596,51.00123817068276,48.65439175844579,19.20954773631631,37.66486545293053,24.37389133705811,12.430986372276422,
宮崎県,450006,2022,135574.55,18546.012,45457.804,71570.734,114573.112,0.0,20864.607,1183.636,0.0,136.831,136.831,332292.602,722275.169,690519.29,15.389766737193671,84.50930650332235,0.8730517637712978,5.672936950118447,40.79974973382043,6.27898631339376,
鹿児島県,460001,2022,100241.416,17561.986,7440.656,75238.774,93215.127,0.0,6994.513,5910.696,0.0,31.776,31.776,484250.625,975815.228,921475.579,6.977667793519597,92.99063273407869,5.896460999712933,84.50475394069609,20.700317320189313,1.4443993748072086,
沖縄県,470007,2022,154701.838,42399.243,39874.83,72427.765,144839.959,0.0,9861.879,6153.347,0.0,0.0,0.0,404706.53,932266.646,912192.057,6.374765243577779,93.62523475642223,3.9775526131758046,62.39527984474358,38.22568368244515,2.436797597508496,
北海道,10006,2023,152968.813,36347.357,57496.342,59125.114,146478.813,0.0,6490.0,2000.0,0.0,0.0,0.0,1364505.815,2856219.142,2819962.872,4.242694881864581,95.75730511813542,1.3074560498812264,30.81664098613251,11.210565123168786,0.4756300727087778,-0.49786355825707584
青森県,20001,2023,149325.697,17547.085,21107.312,110671.3,147123.71,0.0,2130.0,2130.0,0.0,71.987,71.987,378359.033,709754.981,681161.044,1.4264122269591684,98.52537972750933,1.4264122269591684,100.0,39.46666630792451,0.5629573537894099,-0.9937631062962637
岩手県,30007,2023,118111.945,30999.39,33326.962,53785.593,0.0,0.0,11612.076,4040.0,0.0,106499.869,106499.869,390645.538,809515.999,756669.461,9.831415442358518,0.0,3.4204838469131973,34.79136719394534,30.235068242351204,2.9725351681861523,1.574979986272691
宮城県,40002,2023,205385.163,20971.403,19749.762,164663.998,193420.343,0.0,11964.82,942.812,0.0,0.0,0.0,484916.321,1024723.861,1008373.713,5.825552257638007,94.17444774236199,0.45904581724824983,7.879867812470226,42.354763926372364,2.467398906130033,3.2957948591394457
秋田県,50008,2023,78022.393,16929.358,30709.166,30383.869,76716.027,0.0,1050.0,0.0,0.0,256.366,256.366,325377.398,617448.721,599529.541,1.345767490110179,98.32565248287118,0.0,0.0,23.979045096426766,0.32270219334657047,0.39646325708958063
山形県,60003,2023,70720.529,26975.673,18910.392,24834.464,68906.156,0.0,1789.445,0.0,0.0,24.928,24.928,330114.778,676811.593,664557.243,2.530304885021434,97.43444650986703,0.0,0.0,21.423012150034676,0.5420675229510629,0.8721962464650341
福島県,70009,2023,526501.975,28151.145,29929.775,468421.055,447885.023,0.0,78494.755,2399.483,0.0,122.197,122.197,498570.05,1257263.227,1224298.248,14.908729449685351,85.06806133063414,0.45574055064085944,3.056870487716026,105.60240732470794,15.743977200395411,0.055562793868841
茨城県,80004,2023,228075.264,68159.718,51805.553,108109.993,227870.905,0.0,0.0,0.0,0.0,204.359,204.359,670201.892,1259006.243,1220658.113,0.0,99.91039843759646,0.0,,34.03082962350098,0.0,0.0
栃木県,90000,2023,120357.793,37613.863,32812.116,49931.814,111693.932,0.0,8340.0,6390.0,0.0,323.861,323.861,457322.53,931727.812,912533.087,6.929339423829414,92.80157870624961,5.309170134085127,76.61870503597122,26.317923370186904,1.8236582396235756,0.2430022346020202
群馬県,100005,2023,127109.625,92038.433,3082.403,31988.789,124194.07,0.0,2845.916,2545.916,0.0,69.639,69.639,459270.457,904925.531,886922.117,2.238946106559594,97.70626732633347,2.0029293611715087,89.45857853850922,27.67642095472298,0.6196601494008138,-1.566704484243557
埼玉県,110001,2023,284886.735,117854.765,42411.848,124620.122,107708.09,0.0,177178.645,174171.524,0.0,0.0,0.0,1295347.443,2102354.725,2059405.178,62.19266228734729,37.80733771265272,61.137112614246504,98.3027745809886,21.9930750270528,13.67807887817786,-2.0636152751685444
千葉県,120006,2023,404860.445,98696.56,49900.024,256263.861,404760.445,0.0,100.0,0.0,0.0,0.0,0.0,1147566.348,2045562.522,2011231.816,0.024699869111688595,99.97530013088831,0.0,0.0,35.279916120370586,0.00871409310444506,-0.0010981095129782917
東京都,130001,2023,2593793.379,632240.776,0.0,1961552.603,2383898.277,0.0,104115.157,0.0,0.0,105779.945,105779.945,4232272.381,8898726.626,8353285.707,4.01401121010418,91.90779405563435,0.0,0.0,61.28606917277709,2.460029686827475,-0.2677502036256083
神奈川県,140007,2023,376589.483,70891.529,56174.494,249523.46,359370.19,0.0,17002.196,17002.196,0.0,217.097,217.097,1414177.145,2251237.949,2207423.64,4.514782479998253,95.4275693354931,4.514782479998253,100.0,26.62958345292732,1.2022677682292764,-0.4467282049166421
新潟県,150002,2023,132596.931,51525.116,43307.182,37764.633,129056.396,0.0,3461.402,0.0,0.0,79.133,79.133,552223.066,1148075.153,1122782.289,2.6104691668919546,97.32985147295753,0.0,0.0,24.011479991312065,0.6268122816876324,2.5914344555099684
富山県,160008,2023,61415.984,2556.494,23974.991,34884.499,46833.613,0.0,14484.314,560.0,0.0,98.057,98.057,309874.046,617351.15,588990.295,23.583948439220645,76.25639117009018,0.9118147484211927,3.8662514496716933,19.819660533944816,4.674258521154108,9.890241217132948
石川県,170003,2023,143259.534,15463.501,53451.42,74344.613,142592.217,0.0,10.029,0.0,0.0,657.288,657.288,316093.206,693732.898,652501.5,0.007000581196920547,99.53419016426508,0.0,0.0,45.32192760890913,0.0031727983422712345,-0.00041805793528464
福井県,180009,2023,47234.047,10427.242,3461.061,33345.744,46334.047,0.0,900.0,0.0,0.0,0.0,0.0,264055.575,539080.066,523817.438,1.9054052260226613,98.09459477397733,0.0,0.0,17.887918859505238,0.340837340775706,-0.5562396795662818
山梨県,190004,2023,96308.546,26239.583,18689.361,51379.602,87006.03,0.0,9302.516,800.0,0.0,0.0,0.0,270856.606,573586.922,544039.848,9.659076360679352,90.34092363932065,0.8306635633352828,8.599823961603507,35.55702311355108,3.434480014122306,-0.37481671827866236
長野県,200000,2023,143933.451,40489.039,19848.392,83596.02,137652.021,0.0,6238.774,4328.762,0.0,42.656,42.656,523193.843,1098347.683,1079564.34,4.334485108677065,95.63587897298454,3.0074746140839768,69.38481823512119,27.510539912833032,1.1924402558384082,-0.5333827993814246
岐阜県,210005,2023,109598.169,36137.419,36309.807,37150.943,68107.832,0.0,41490.337,29991.255,0.0,0.0,0.0,490011.911,876508.334,859178.419,37.85677934090304,62.143220659096954,27.364740920078695,72.28491540090407,22.366429578484265,8.467209891965258,6.56234757317317
静岡県,220001,2023,138766.81,5731.748,80407.573,52627.489,110715.978,0.0,28050.832,17462.881,0.0,0.0,0.0,737591.268,1269197.338,1250356.192,20.214366821576427,79.78563317842358,12.584335548248173,62.25441370152587,18.813510411568483,3.803032006609926,1.4438550622438733
愛知県,230006,2023,362174.752,152161.312,100057.16,109956.28,357725.591,0.0,4196.504,4196.504,0.0,252.657,252.657,1440405.836,2620933.437,2547795.499,1.1586958993762215,98.771543025727,1.1586958993762215,100.0,25.143938114396807,0.2913417798732107,0.04090254566851392
三重県,240001,2023,107532.002,51334.021,21159.727,35038.254,105416.415,0.0,2115.587,2115.587,0.0,0.0,0.0,450753.939,807571.927,764500.853,1.9674022250604057,98.03259777493959,1.9674022250604057,100.0,23.856031572028037,0.4693440959591925,0.047274257010552656
滋賀県,250007,2023,92388.084,31816.116,12290.311,48281.657,89942.781,0.0,2276.591,0.0,0.0,168.712,168.712,352918.448,620385.624,611976.612,2.4641608543370155,97.35322685120302,0.0,0.0,26.178309613330274,0.6450756578188285,-0.2223079464436224
京都府,260002,2023,27312.408,521.061,0.0,26791.347,25312.696,0.0,1999.712,1200.0,0.0,0.0,0.0,540357.771,1042685.775,1024886.167,7.321624662314652,92.67837533768535,4.393607476865459,60.00864124433919,5.054504527519787,0.3700718500446994,-3.2035171278161103
大阪府,270008,2023,461714.712,334935.641,9904.106,116874.965,453957.238,0.0,5904.284,2212.473,0.0,1853.19,1853.19,1707056.365,3358436.064,3325569.052,1.2787732005386043,98.31985557349968,0.479186160305847,37.47233364790718,27.047420428908918,0.34587516388189093,-0.07367153998608411
兵庫県,280003,2023,131909.391,24392.345,0.0,107517.046,124041.494,0.0,5638.0,0.0,0.0,2229.897,2229.897,1121332.872,2444905.048,2417645.312,4.274146031043385,94.03537766314152,0.0,0.0,11.763624726770697,0.502794499366108,-1.3185571330994597
奈良県,290009,2023,187961.238,25666.3,16027.732,146267.206,153677.958,0.0,34200.0,0.0,0.0,83.28,83.28,339864.651,546695.998,536284.251,18.195240871950418,81.76045212045263,0.0,0.0,55.30473305974972,10.062829393810656,11.557440336754617
和歌山県,300004,2023,81509.951,9632.609,21004.629,50872.713,81509.951,0.0,0.0,0.0,0.0,0.0,0.0,306373.803,636274.296,608065.885,0.0,100.0,0.0,,26.604739113415643,0.0,0.0
鳥取県,310000,2023,63541.566,4003.605,10138.464,49399.497,55084.168,0.0,8457.398,8457.398,0.0,0.0,0.0,218367.059,389626.524,370967.375,13.31002449640602,86.68997550359397,13.31002449640602,100.0,29.098512518776925,3.8730191443389814,2.6701269625680197
島根県,320005,2023,52691.446,17876.017,9838.266,24977.163,25428.032,0.0,27263.414,3070.734,0.0,0.0,0.0,276422.24,561454.234,528059.488,51.74163183906549,48.25836816093451,5.8277656680744725,11.263204234069878,19.06194161511751,9.862959651871716,-3.3506323849189172
岡山県,330001,2023,106200.709,30461.959,19848.456,55890.294,93120.403,0.0,13080.306,8564.638,0.0,0.0,0.0,432540.929,730821.476,721336.38,12.316590089808157,87.68340991019184,8.064577045337805,65.47735198243834,24.552753711776486,3.0240620304396675,1.3484920517230297
広島県,340006,2023,161571.735,30397.167,12526.28,118648.288,160557.972,0.0,0.0,0.0,0.0,1013.763,1013.763,588217.627,1124841.043,1102901.381,0.0,99.37256166742284,0.0,,27.4680199272573,0.0,0.0
山口県,350001,2023,74082.008,22381.245,2415.429,49285.334,74059.339,0.0,0.0,0.0,0.0,22.669,22.669,377054.808,712962.097,678580.641,0.0,99.96940012749114,0.0,,19.647543653653663,0.0,0.0
徳島県,360007,2023,91128.578,18973.782,27757.056,44397.74,90376.601,0.0,706.514,0.0,0.0,45.463,45.463,256922.987,531810.865,500502.981,0.7752935637819347,99.17481758576328,0.0,0.0,35.46921942021482,0.27499057528861753,-0.028972520506690858
香川県,370002,2023,79579.205,16710.988,30750.489,32117.728,79579.205,0.0,0.0,0.0,0.0,0.0,0.0,270112.017,477854.963,462664.477,0.0,100.0,0.0,,29.461556684462508,0.0,0.0
愛媛県,380008,2023,129188.657,27371.587,21052.817,80764.253,127648.343,0.0,1540.314,0.0,0.0,0.0,0.0,363639.715,765414.818,740769.253,1.192298175218278,98.80770182478172,0.0,0.0,35.52655325340358,0.42358244615828056,-0.13818162647159205
高知県,390003,2023,54292.15,22075.898,14605.417,17610.835,52793.355,0.0,1243.334,0.0,0.0,255.461,255.461,269981.457,483884.519,473554.741,2.290080610180293,97.23938911978988,0.0,0.0,20.109584785298793,0.46052570195589404,-2.0507482603280534
福岡県,400009,2023,190048.194,47365.007,60206.489,82476.698,171481.082,0.0,18491.986,3442.064,0.0,75.126,75.126,1007208.352,2054311.22,1993404.74,9.73015613081806,90.23031389606365,1.811153227796524,18.61381465462931,18.868806401637144,1.8359643229010874,-0.5366260052184515
佐賀県,410004,2023,75455.768,17797.312,17165.734,40492.722,75404.032,0.0,0.0,0.0,0.0,51.736,51.736,267714.418,555571.022,539531.062,0.0,99.93143532778039,0.0,,28.185171558447774,0.0,0.0
長崎県,420000,2023,100462.383,13211.507,32650.463,54600.413,53238.439,0.0,47223.944,19360.28,0.0,0.0,0.0,390235.323,747602.171,731783.777,47.00659350276412,52.99340649723588,19.271173370434582,40.99674521043816,25.744051621897903,12.101401697047297,38.14546663740647
熊本県,430005,2023,98950.021,1793.119,49061.455,48095.447,56550.731,0.0,42350.303,22793.095,0.0,48.987,48.987,440447.592,954296.621,903825.031,42.799690765098475,57.1508024237812,23.034957213399686,53.82038234767765,22.465787711696695,9.615287668549678,3.0425757223003203
大分県,440001,2023,84038.129,14810.773,23185.142,46042.214,42145.232,0.0,41615.833,0.0,0.0,277.064,277.064,334661.515,710291.97,676738.407,49.52018029815966,50.15013125768186,0.0,0.0,25.1113812713123,12.435201280912148,-1.4810578725231025
宮崎県,450006,2023,142171.009,20546.404,45070.192,76554.413,123158.019,0.0,18875.165,900.0,0.0,137.825,137.825,332887.667,685628.744,656385.854,13.27638112211752,86.62667576622461,0.6330404534162095,4.768170238511822,42.70840379316305,5.670130458753222,-2.113385615076151
鹿児島県,460001,2023,106871.884,17572.049,7444.862,81854.973,94416.904,0.0,12422.422,11338.605,0.0,32.558,32.558,483573.931,901447.777,856075.115,11.623657724607906,88.34587776145126,10.609530379383973,91.27531652040157,22.10042294442874,2.5688775187511093,4.645989931088309
沖縄県,470007,2023,160575.286,41961.717,39814.538,78799.031,151308.036,0.0,9267.25,5558.717,0.0,0.0,0.0,407514.427,862154.876,846256.545,5.771280394917061,94.22871960508293,3.4617512684984413,59.982378807089475,39.40358312762262,2.274091267939331,-0.6034848486607185
北海道,010006,2024,154493.159,35321.948,67636.688,51534.523,148003.159,0.0,6490.0,0.0,0.0,0.0,0.0,1378127.405,2825928.611,2803025.736,4.200833255018107,95.79916674498189,0.0,0.0,11.210368391157566,0.4709288833857853,-0.04186162684647332
青森県,020001,2024,162177.973,20393.806,23056.321,118727.846,158836.387,0.0,3245.0,3245.0,0.0,96.586,96.586,382634.998,721053.199,691728.176,2.0008882463958284,97.93955619361452,2.0008882463958284,100.0,42.38451104778449,0.8480666998474613,0.57447601943666
岩手県,030007,2024,113670.327,30979.068,36311.274,46379.985,0.0,0.0,15012.076,4140.0,0.0,98658.251,98658.251,394089.258,804926.643,757986.98,13.206679699267513,0.0,3.6421114544695556,27.577798034062713,28.843802436249106,3.8093086008449384,3.375264256908995
宮城県,040002,2024,180804.616,21204.088,19763.785,139836.743,162639.322,0.0,18165.294,974.958,0.0,0.0,0.0,495008.192,1019172.895,997507.909,10.046919377323862,89.95308062267613,0.5392329142747108,5.367146824048099,36.525580570593874,3.6696956320270355,4.221367119685855
秋田県,050008,2024,74436.862,16877.983,27452.504,30106.375,67528.977,0.0,6650.0,650.0,0.0,257.885,257.885,327620.847,633863.121,616844.972,8.933745756235668,90.71980627017835,0.8732232694064939,9.774436090225564,22.720429020806478,2.029785363444836,7.587978266125489
山形県,060003,2024,58753.508,17403.254,18301.89,23048.364,56522.6,0.0,2204.756,0.0,0.0,26.152,26.152,335547.047,674209.779,661550.29,3.7525521029314537,96.20293651231854,0.0,0.0,17.509767564725433,0.6570631509685138,1.2222472179100197
福島県,070009,2024,506894.144,29396.995,29929.775,447567.374,424285.198,0.0,82483.065,4899.223,0.0,125.881,125.881,509718.963,1191872.923,1152505.464,16.272246577778578,83.70291963759597,0.9665179718469977,5.939671373754115,99.44580853273061,16.18206717571149,1.3635171280932266
茨城県,080004,2024,232513.124,73899.936,47259.028,111354.16,232320.129,0.0,0.0,0.0,0.0,192.995,192.995,685897.219,1257450.634,1228516.378,0.0,99.91699608319743,0.0,,33.8991203870153,0.0,0.0
栃木県,090000,2024,114068.361,29537.222,33609.794,50921.345,102238.231,0.0,11536.689,6390.0,0.0,293.441,293.441,465236.085,921925.761,901765.533,10.113837788902744,89.62891208720005,5.601903931976369,55.38850878271921,24.518382102712433,2.479749394331697,3.1844983650733303
群馬県,100005,2024,123062.568,83283.029,5707.638,34071.901,120995.401,0.0,1996.961,1696.961,0.0,70.206,70.206,470478.105,900241.34,881483.396,1.622720078456351,98.32023089263015,1.3789416453588066,84.977172814091,26.1569171215736,0.4244535460369617,-0.616226028103243
埼玉県,110001,2024,299195.853,120372.301,50394.461,128429.091,111034.465,0.0,188161.388,184919.858,0.0,0.0,0.0,1324399.67,2167885.474,2116066.737,62.889036099039785,37.110963900960215,61.80562201843085,98.27726079486617,22.591054632322585,14.207296502875149,0.6963738116924958
千葉県,120006,2024,434114.127,103707.482,57168.504,273238.141,434014.127,0.0,100.0,0.0,0.0,0.0,0.0,1179533.775,2127664.5,2083355.04,0.02303541713582613,99.97696458286417,0.0,0.0,36.80387422564479,0.008477925950022076,-0.0016644519758624646
東京都,130001,2024,2528117.913,715774.33,0.0,1812343.583,2176492.768,0.0,245686.957,0.0,0.0,105938.188,105938.188,4461185.035,9533664.698,8888808.019,9.718176345202771,86.0914262269222,0.0,0.0,56.6692009671372,5.5072128834037475,5.704165135098591
神奈川県,140007,2024,399360.685,79623.013,70604.648,249133.024,381752.702,0.0,17395.809,17395.809,0.0,212.174,212.174,1449789.663,2342944.916,2291196.569,4.3559142533021245,95.59095733221712,4.3559142533021245,100.0,27.546112045909933,1.1998850208383645,-0.15886822669612854
新潟県,150002,2024,135045.321,53099.991,44707.183,37238.147,132005.087,0.0,2961.403,420.0,0.0,78.831,78.831,559489.8,1119989.979,1094763.378,2.1928956724091164,97.74873059096953,0.3110067027053829,14.18246689153756,24.137226630405056,0.5293041982177332,-0.4175734944828382
富山県,160008,2024,63471.192,3734.377,29455.919,30280.896,57982.578,0.0,5365.132,560.0,0.0,123.482,123.482,314589.744,618553.65,589846.555,8.452861575374225,91.35259032160606,0.8822900316729517,10.437767421192993,20.175861804318707,1.705437669957861,-15.13108686384642
石川県,170003,2024,267675.274,16841.382,64924.749,185909.143,267005.94,0.0,10.029,0.0,0.0,659.305,659.305,320385.935,1045970.686,1012339.392,0.0037467039260413726,99.74994552541303,0.0,0.0,83.54776060940378,0.0031302872268721784,-0.0032538772708791746
福井県,180009,2024,43509.865,10621.987,3666.882,29220.996,42609.865,0.0,900.0,0.0,0.0,0.0,0.0,270199.824,522766.299,511183.883,2.0684964202945704,97.93150357970542,0.0,0.0,16.102847276466026,0.3330868194792014,0.1630911942719091
山梨県,190004,2024,100686.08,26285.746,20222.814,54177.52,67384.011,0.0,33302.069,1800.0,0.0,0.0,0.0,274969.974,568965.159,545069.002,33.075147031248015,66.92485296875198,1.787734709703665,5.405069576908269,36.61711805667917,12.1111656358523,23.416070670568665
長野県,200000,2024,146559.31,44677.358,15762.086,86119.866,140086.015,0.0,6419.927,4119.927,0.0,53.368,53.368,534358.773,1047872.878,1027999.156,4.38042932925926,95.58315674384657,2.8110987967942807,64.17404746191039,27.42713648681875,1.2014263308445765,0.045944220582195605
岐阜県,210005,2024,104932.751,30508.537,40730.097,33694.117,87936.037,0.0,16996.714,11863.026,0.0,0.0,0.0,499987.218,897648.092,881494.964,16.197720766893838,83.80227923310616,11.305360706687276,69.7959970380157,20.987086713884757,3.3994297030209277,-21.6590585740092
静岡県,220001,2024,134484.874,4195.604,68029.788,62259.482,103835.74,0.0,30649.134,19396.22,0.0,0.0,0.0,749388.142,1311457.126,1295659.466,22.790023211086176,77.20997678891382,14.422603392556995,63.284724455836184,17.94595703650726,4.089887774071557,2.5756563895097493
愛知県,230006,2024,508506.815,283507.444,100277.22,124722.151,504031.713,0.0,4196.504,4196.504,0.0,278.598,278.598,1475278.78,2865466.535,2779462.116,0.8252601295028857,99.1199524041777,0.8252601295028857,100.0,34.46852363727484,0.2844549828067072,-0.3334357698733358
三重県,240001,2024,118416.029,59307.134,28216.455,30892.44,115992.335,0.0,2423.694,2423.694,0.0,0.0,0.0,458694.146,811549.999,774973.766,2.046761760605906,97.9532382393941,2.046761760605906,100.0,25.815901517958327,0.5283900004252506,0.07935953554550013
滋賀県,250007,2024,94893.134,31728.299,14325.415,48839.42,91579.046,0.0,3145.084,0.0,0.0,169.004,169.004,363762.355,629756.938,621956.154,3.314343058792852,96.50755764900755,0.0,0.0,26.08657347184813,0.8645985371410959,0.8501822044558365
京都府,260002,2024,40942.949,1487.452,0.0,39455.497,39742.949,0.0,1200.0,1200.0,0.0,0.0,0.0,554905.11,1047275.458,1037555.668,2.9309075904620356,97.06909240953796,2.9309075904620356,100.0,7.378369429685014,0.21625318966696847,-4.390717071852617
大阪府,270008,2024,492472.474,355192.722,9898.055,127381.697,485477.235,0.0,4996.836,1521.832,0.0,1998.403,1998.403,1751270.393,3316968.053,3279987.111,1.0146426985886727,98.57956751507699,0.30901869248432356,30.455912501430905,28.120870196199338,0.2853263562253348,-0.2641305019499316
兵庫県,280003,2024,122663.096,18290.399,0.0,104372.697,115079.856,0.0,5301.0,0.0,0.0,2282.24,2282.24,1151101.969,2426324.829,2407333.062,4.321593187245168,93.81783091468684,0.0,0.0,10.656145094301372,0.4605152404182883,0.04744715620178308
奈良県,290009,2024,185826.454,30176.777,20264.821,135384.856,141533.101,0.0,44200.0,0.0,0.0,93.353,93.353,347203.691,575287.133,567338.923,23.785633879662797,76.16412946242842,0.0,0.0,53.520875156825454,12.730279413993904,5.590393007712379
和歌山県,300004,2024,82457.827,14521.321,30446.927,37489.579,82457.827,0.0,0.0,0.0,0.0,0.0,0.0,310205.791,662035.723,644047.629,0.0,100.0,0.0,,26.581653016271385,0.0,0.0
鳥取県,310000,2024,61466.029,4010.366,10212.122,47243.541,53174.327,0.0,8291.702,8291.702,0.0,0.0,0.0,220592.361,388615.12,375323.514,13.489893742769684,86.51010625723032,13.489893742769684,100.0,27.864078665897228,3.758834604431293,0.17986924636366375
島根県,320005,2024,53895.939,18443.966,10202.159,25249.814,23640.256,0.0,30255.683,3712.519,0.0,0.0,0.0,279820.319,537598.706,509639.149,56.137222138387834,43.86277786161217,6.8883093399671536,12.27048485403552,19.260909712564512,10.812539671216657,4.395590299322343
岡山県,330001,2024,109646.5,38153.964,21012.161,50480.375,96152.41,0.0,13494.09,7722.338,0.0,0.0,0.0,438633.541,742640.366,733805.981,12.30690446115471,87.69309553884528,7.042940723142098,57.22755665628434,24.997290391890026,3.0763926464073115,-0.009685628653446798
広島県,340006,2024,162544.074,32901.016,8688.151,120954.907,161516.745,0.0,0.0,0.0,0.0,1027.329,1027.329,599882.425,1094294.344,1074265.129,0.0,99.36796896083705,0.0,,27.095988684782686,0.0,0.0
山口県,350001,2024,91210.479,24493.374,4417.051,62300.054,91187.81,0.0,0.0,0.0,0.0,22.669,22.669,381900.448,726907.529,702970.202,0.0,99.97514649605117,0.0,,23.88331290986074,0.0,0.0
徳島県,360007,2024,98148.121,18586.904,29418.084,50143.133,97394.347,0.0,706.514,0.0,0.0,47.26,47.26,260520.066,536935.883,510835.261,0.7198446519419358,99.2320036366259,0.0,0.0,37.673919904503634,0.2711936976094579,-0.05544891183999889
香川県,370002,2024,82111.452,17199.816,32554.444,32357.192,82111.452,0.0,0.0,0.0,0.0,0.0,0.0,274945.203,491138.881,471173.633,0.0,100.0,0.0,,29.86466070477324,0.0,0.0
愛媛県,380008,2024,130227.675,26114.173,22930.876,81182.626,128687.361,0.0,1540.314,0.0,0.0,0.0,0.0,371359.956,770750.165,746872.509,1.182785456317177,98.81721454368282,0.0,0.0,35.06777532039561,0.4147765463436236,-0.009512718901101058
高知県,390003,2024,52859.829,23448.715,13159.684,16251.43,50303.998,0.0,2279.307,0.0,0.0,276.524,276.524,272660.761,477698.137,467385.536,4.3119833021026235,95.16488976912885,0.0,0.0,19.386665248836447,0.8359497683643595,2.0219026919223304
福岡県,400009,2024,181146.901,67473.636,34357.297,79315.968,162777.638,0.0,18291.986,3432.064,0.0,77.277,77.277,1029808.813,2093699.535,2032626.014,10.09787410053457,89.85946604739321,1.8946302592281166,18.762664699174817,17.590342859106997,1.7762506757649978,0.3677179697165105
佐賀県,410004,2024,64053.631,17482.571,18854.059,27717.001,64002.464,0.0,0.0,0.0,0.0,51.167,51.167,274027.726,540929.298,528311.388,0.0,99.92011850194721,0.0,,23.37487229303213,0.0,0.0
長崎県,420000,2024,98954.941,9767.303,34782.274,54405.364,43452.355,0.0,55502.586,17210.724,0.0,0.0,0.0,396767.336,742790.874,725525.376,56.08874649321452,43.91125350678548,17.392485737523707,31.008868667849093,24.940294228252704,13.988698404346472,9.082152990450403
熊本県,430005,2024,104685.53,1802.838,62797.841,40084.851,60336.719,0.0,44299.619,26191.199,0.0,49.192,49.192,448036.79,922220.421,880334.474,42.31685028484834,57.63615945775887,25.018929550244433,59.12285385569569,23.365387025471726,9.887495846044251,-0.4828404802501325
大分県,440001,2024,83893.701,13525.14,23319.354,47049.207,39835.182,0.0,43596.199,0.0,0.0,462.32,462.32,341106.417,695462.878,659810.364,51.96599801932686,47.48292365835666,0.0,0.0,24.594583044739377,12.780820537890966,2.4458177211672023
宮崎県,450006,2024,138925.635,22226.756,41001.351,75697.528,90254.887,0.0,48533.237,727.636,0.0,137.511,137.511,338128.93,691666.354,666648.696,34.93468789975299,64.96633036804187,0.5237593479417963,1.499252975852404,41.086586409509536,14.353470730824483,21.658306777635467
鹿児島県,460001,2024,127066.077,17599.982,7456.697,102009.398,108692.164,0.0,18341.222,17257.404,0.0,32.691,32.691,489321.864,895408.514,855245.218,14.434396994880075,85.53987544606417,13.581440780610546,94.09080812608886,25.96779059927721,3.74829398589882,2.810739270272169
沖縄県,470007,2024,168161.949,41560.985,38386.547,88214.417,158763.699,0.0,9398.25,5389.717,0.0,0.0,0.0,418842.692,854451.945,839088.656,5.588808916576009,94.411191083424,3.205075245649062,57.34809139999467,40.14919018809095,2.243861521165087,-0.1824714783410517
