prefecture,prefecture_code,R4_fund_total_million_yen,R4_cash_deposit_million_yen,R4_securities_million_yen,R4_securities_ratio_pct,R4_cash_deposit_ratio_pct,R4_local_bond_ratio_pct,R4_standard_financial_scale_million_yen,R4_securities_to_standard_scale_pct,R5_fund_total_million_yen,R5_cash_deposit_million_yen,R5_securities_million_yen,R5_securities_ratio_pct,R5_cash_deposit_ratio_pct,R5_local_bond_ratio_pct,R5_standard_financial_scale_million_yen,R5_securities_to_standard_scale_pct,R6_fund_total_million_yen,R6_cash_deposit_million_yen,R6_securities_million_yen,R6_securities_ratio_pct,R6_cash_deposit_ratio_pct,R6_local_bond_ratio_pct,R6_standard_financial_scale_million_yen,R6_securities_to_standard_scale_pct,R4_R6_securities_ratio_change_pt,R4_R6_securities_change_million_yen,R4_R6_securities_growth_pct,R4_R6_cash_deposit_decline_million_yen,typology
北海道,010006,136903.702,128651.516,6490.0,4.7405584401216565,93.97226964687924,1.4608808752300944,1358763.32,0.47764021183615696,152968.813,146478.813,6490.0,4.242694881864581,95.75730511813542,1.3074560498812264,1364505.815,0.4756300727087778,154493.159,148003.159,6490.0,4.200833255018107,95.79916674498189,0.0,1378127.405,0.4709288833857853,-0.5397251851035492,0.0,0.0,-19351.64300000001,D: 現預金中心・シフト小
青森県,020001,133467.892,130178.38,3230.157,2.420175333255432,97.5353532968064,2.420175333255432,381388.392,0.8469468572604067,149325.697,147123.71,2130.0,1.4264122269591684,98.52537972750933,1.4264122269591684,378359.033,0.5629573537894099,162177.973,158836.387,3245.0,2.0008882463958284,97.93955619361452,2.0008882463958284,382634.998,0.8480666998474613,-0.4192870868596037,14.842999999999847,0.4595132682405173,-28658.006999999983,D: 現預金中心・シフト小
岩手県,030007,111574.493,30.0,9212.076,8.256435456085827,0.026887865849410584,3.3520206092265195,391047.741,2.3557420320195632,118111.945,0.0,11612.076,9.831415442358518,0.0,3.4204838469131973,390645.538,2.9725351681861523,113670.327,0.0,15012.076,13.206679699267513,0.0,3.6421114544695556,394089.258,3.8093086008449384,4.950244243181686,5800.0,62.960835320941776,30.0,A: 有価証券比率が高く、さらに増加
宮城県,040002,198269.012,193253.287,5015.725,2.5297573984985613,97.47024260150145,2.5256791010790938,477964.354,1.0493931101816016,205385.163,193420.343,11964.82,5.825552257638007,94.17444774236199,0.45904581724824983,484916.321,2.467398906130033,180804.616,162639.322,18165.294,10.046919377323862,89.95308062267613,0.5392329142747108,495008.192,3.6696956320270355,7.517161978825301,13149.569000000001,262.16686520891795,30613.965000000026,A: 有価証券比率が高く、さらに増加
秋田県,050008,68471.2,67569.155,650.0,0.9493042330205984,98.68259209711529,0.0,326727.631,0.19894246409787117,78022.393,76716.027,1050.0,1.345767490110179,98.32565248287118,0.0,325377.398,0.32270219334657047,74436.862,67528.977,6650.0,8.933745756235668,90.71980627017835,0.8732232694064939,327620.847,2.029785363444836,7.98444152321507,6000.0,923.076923076923,40.177999999999884,A: 有価証券比率が高く、さらに増加
山形県,060003,69833.844,68650.995,1157.921,1.6581086385564,98.30619520242935,0.0,330051.143,0.35083078018608777,70720.529,68906.156,1789.445,2.530304885021434,97.43444650986703,0.0,330114.778,0.5420675229510629,58753.508,56522.6,2204.756,3.7525521029314537,96.20293651231854,0.0,335547.047,0.6570631509685138,2.094443464375054,1046.8349999999998,90.40642669059459,12128.394999999997,B: 低位から相対的にシフト
福島県,070009,528471.516,449874.335,78494.755,14.85316665581651,85.12745178871667,0.45404206799293234,495387.012,15.845137861628073,526501.975,447885.023,78494.755,14.908729449685351,85.06806133063414,0.45574055064085944,498570.05,15.743977200395411,506894.144,424285.198,82483.065,16.272246577778578,83.70291963759597,0.9665179718469977,509718.963,16.18206717571149,1.4190799219620676,3988.3099999999977,5.080989169276339,25589.137000000046,A: 有価証券比率が高く、さらに増加
茨城県,080004,227806.778,227624.629,0.0,0.0,99.92004232639646,0.0,658567.038,0.0,228075.264,227870.905,0.0,0.0,99.91039843759646,0.0,670201.892,0.0,232513.124,232320.129,0.0,0.0,99.91699608319743,0.0,685897.219,0.0,0.0,0.0,,-4695.5,B: 低位から相対的にシフト
栃木県,090000,106635.364,99157.425,7130.0,6.686337189227394,92.98737424481432,5.101497098092149,451844.183,1.5779776011855837,120357.793,111693.932,8340.0,6.929339423829414,92.80157870624961,5.309170134085127,457322.53,1.8236582396235756,114068.361,102238.231,11536.689,10.113837788902744,89.62891208720005,5.601903931976369,465236.085,2.479749394331697,3.4275005996753505,4406.689,61.80489481065919,-3080.805999999997,A: 有価証券比率が高く、さらに増加
群馬県,100005,90593.288,87075.207,3447.664,3.805650590803151,96.11662069269413,2.810626544430091,452996.546,0.7610795337057604,127109.625,124194.07,2845.916,2.238946106559594,97.70626732633347,2.0029293611715087,459270.457,0.6196601494008138,123062.568,120995.401,1996.961,1.622720078456351,98.32023089263015,1.3789416453588066,470478.105,0.4244535460369617,-2.1829305123468,-1450.7030000000002,-42.077853294288545,-33920.194,D: 現預金中心・シフト小
埼玉県,110001,261198.036,93361.901,167836.135,64.25627756251583,35.74372243748417,63.21398297190872,1269110.35,13.22470776477396,284886.735,107708.09,177178.645,62.19266228734729,37.80733771265272,61.137112614246504,1295347.443,13.67807887817786,299195.853,111034.465,188161.388,62.889036099039785,37.110963900960215,61.80562201843085,1324399.67,14.207296502875149,-1.3672414634760486,20325.252999999997,12.1101769890018,-17672.564,C: 高比率だが増加は小さい/低下
千葉県,120006,387627.269,387527.269,100.0,0.025797978624666887,99.97420202137533,0.0,1118595.845,0.008939779317703437,404860.445,404760.445,100.0,0.024699869111688595,99.97530013088831,0.0,1147566.348,0.00871409310444506,434114.127,434014.127,100.0,0.02303541713582613,99.97696458286417,0.0,1179533.775,0.008477925950022076,-0.0027625614888407563,0.0,0.0,-46486.85800000001,D: 現預金中心・シフト小
東京都,130001,2361531.791,2154797.482,101115.157,4.281761413729789,91.24575371850243,0.0,4028123.502,2.5102298117174264,2593793.379,2383898.277,104115.157,4.01401121010418,91.90779405563435,0.0,4232272.381,2.460029686827475,2528117.913,2176492.768,245686.957,9.718176345202771,86.0914262269222,0.0,4461185.035,5.5072128834037475,5.436414931472982,144571.8,142.97737776345437,-21695.286000000313,A: 有価証券比率が高く、さらに増加
神奈川県,140007,341147.406,323995.919,16926.065,4.961510684914895,94.97241172046314,4.961510684914895,1376993.363,1.2292045448297488,376589.483,359370.19,17002.196,4.514782479998253,95.4275693354931,4.514782479998253,1414177.145,1.2022677682292764,399360.685,381752.702,17395.809,4.3559142533021245,95.59095733221712,4.3559142533021245,1449789.663,1.1998850208383645,-0.6055964316127707,469.7440000000024,2.775269975626364,-57756.782999999996,C: 高比率だが増加は小さい/低下
新潟県,150002,112436.693,112336.978,21.402,0.019034711381986306,99.91131453857328,0.0,548180.873,0.0039041858361227428,132596.931,129056.396,3461.402,2.6104691668919546,97.32985147295753,0.0,552223.066,0.6268122816876324,135045.321,132005.087,2961.403,2.1928956724091164,97.74873059096953,0.3110067027053829,559489.8,0.5293041982177332,2.1738609610271302,2940.0009999999997,13737.038594523876,-19668.108999999997,B: 低位から相対的にシフト
富山県,160008,60666.53,52239.114,8307.497,13.693707222087697,86.10862365129505,1.0384638778581863,307388.299,2.7026067768441635,61415.984,46833.613,14484.314,23.583948439220645,76.25639117009018,0.9118147484211927,309874.046,4.674258521154108,63471.192,57982.578,5365.132,8.452861575374225,91.35259032160606,0.8822900316729517,314589.744,1.705437669957861,-5.240845646713472,-2942.365,-35.41818913687239,-5743.464,C: 高比率だが増加は小さい/低下
石川県,170003,135186.519,134519.218,10.029,0.007418639132205187,99.50638495248182,0.0,312075.84,0.0032136419147345717,143259.534,142592.217,10.029,0.007000581196920547,99.53419016426508,0.0,316093.206,0.0031727983422712345,267675.274,267005.94,10.029,0.0037467039260413726,99.74994552541303,0.0,320385.935,0.0031302872268721784,-0.0036719352061638146,0.0,0.0,-132486.722,D: 現預金中心・シフト小
福井県,180009,36560.919,35660.919,900.0,2.461644905588943,97.53835509441106,0.0,262208.954,0.3432377065201213,47234.047,46334.047,900.0,1.9054052260226613,98.09459477397733,0.0,264055.575,0.340837340775706,43509.865,42609.865,900.0,2.0684964202945704,97.93150357970542,0.0,270199.824,0.3330868194792014,-0.39314848529437274,0.0,0.0,-6948.945999999996,D: 現預金中心・シフト小
山梨県,190004,92715.389,83412.426,9302.963,10.033893078958014,89.966106921042,0.8628556797620727,268591.078,3.4636157944159267,96308.546,87006.03,9302.516,9.659076360679352,90.34092363932065,0.8306635633352828,270856.606,3.434480014122306,100686.08,67384.011,33302.069,33.075147031248015,66.92485296875198,1.787734709703665,274969.974,12.1111656358523,23.04125395229,23999.106000000003,257.9727125648033,16028.415000000008,A: 有価証券比率が高く、さらに増加
長野県,200000,125079.606,118939.866,6088.71,4.867867908058489,95.09133407407758,3.2764014303019144,516202.363,1.1795199782919243,143933.451,137652.021,6238.774,4.334485108677065,95.63587897298454,3.0074746140839768,523193.843,1.1924402558384082,146559.31,140086.015,6419.927,4.38042932925926,95.58315674384657,2.8110987967942807,534358.773,1.2014263308445765,-0.487438578799229,331.21699999999964,5.439855076034162,-21146.14900000002,C: 高比率だが増加は小さい/低下
岐阜県,210005,102223.735,70233.398,31990.337,31.29443176772987,68.70556823227012,22.09981370764823,484482.95,6.602985099888448,109598.169,68107.832,41490.337,37.85677934090304,62.143220659096954,27.364740920078695,490011.911,8.467209891965258,104932.751,87936.037,16996.714,16.197720766893838,83.80227923310616,11.305360706687276,499987.218,3.3994297030209277,-15.09671100083603,-14993.623,-46.86922491626143,-17702.638999999996,C: 高比率だが増加は小さい/低下
静岡県,220001,141581.59,115006.001,26575.589,18.770511759332553,81.22948824066746,11.153489659213461,726566.363,3.6576960279676474,138766.81,110715.978,28050.832,20.214366821576427,79.78563317842358,12.584335548248173,737591.268,3.803032006609926,134484.874,103835.74,30649.134,22.790023211086176,77.20997678891382,14.422603392556995,749388.142,4.089887774071557,4.019511451753623,4073.5449999999983,15.328145690392784,11170.260999999999,A: 有価証券比率が高く、さらに増加
愛知県,230006,375740.291,371291.216,4200.0,1.1177933537077076,98.8159175082983,1.1177933537077076,1400259.697,0.2999443609637792,362174.752,357725.591,4196.504,1.1586958993762215,98.771543025727,1.1586958993762215,1440405.836,0.2913417798732107,508506.815,504031.713,4196.504,0.8252601295028857,99.1199524041777,0.8252601295028857,1475278.78,0.2844549828067072,-0.29253322420482186,-3.4960000000000946,-0.0832380952380975,-132740.49699999997,D: 現預金中心・シフト小
三重県,240001,95352.551,93521.66,1830.891,1.920127968049853,98.07987203195015,1.920127968049853,445218.907,0.41123388320074195,107532.002,105416.415,2115.587,1.9674022250604057,98.03259777493959,1.9674022250604057,450753.939,0.4693440959591925,118416.029,115992.335,2423.694,2.046761760605906,97.9532382393941,2.046761760605906,458694.146,0.5283900004252506,0.12663379255605278,592.8029999999999,32.37784226368473,-22470.675000000003,B: 低位から相対的にシフト
滋賀県,250007,88514.298,85973.003,2377.909,2.686468800780638,97.12894407183798,0.0,346850.325,0.6855720835781255,92388.084,89942.781,2276.591,2.4641608543370155,97.35322685120302,0.0,352918.448,0.6450756578188285,94893.134,91579.046,3145.084,3.314343058792852,96.50755764900755,0.0,363762.355,0.8645985371410959,0.6278742580122141,767.1749999999997,32.26258868611035,-5606.043000000005,B: 低位から相対的にシフト
京都府,260002,18999.383,16999.671,1999.712,10.525141790130762,89.47485820986923,6.315994577297588,534645.298,0.37402592101352405,27312.408,25312.696,1999.712,7.321624662314652,92.67837533768535,4.393607476865459,540357.771,0.3700718500446994,40942.949,39742.949,1200.0,2.9309075904620356,97.06909240953796,2.9309075904620356,554905.11,0.21625318966696847,-7.594234199668726,-799.712,-39.99135875566082,-22743.278000000002,D: 現預金中心・シフト小
大阪府,270008,475332.101,466944.822,6428.604,1.3524447405246884,98.23549072693493,0.5510176978348029,1661424.631,0.386933230677498,461714.712,453957.238,5904.284,1.2787732005386043,98.31985557349968,0.479186160305847,1707056.365,0.34587516388189093,492472.474,485477.235,4996.836,1.0146426985886727,98.57956751507699,0.30901869248432356,1751270.393,0.2853263562253348,-0.3378020419360157,-1431.768,-22.27183382270863,-18532.413,D: 現預金中心・シフト小
兵庫県,280003,104886.668,96754.363,5866.0,5.592703164142844,92.24657894557198,0.0,1101386.098,0.5326016018044927,131909.391,124041.494,5638.0,4.274146031043385,94.03537766314152,0.0,1121332.872,0.502794499366108,122663.096,115079.856,5301.0,4.321593187245168,93.81783091468684,0.0,1151101.969,0.4605152404182883,-1.2711099768976766,-565.0,-9.631776338220252,-18325.493000000002,D: 現預金中心・シフト小
奈良県,290009,188313.884,175723.329,12499.9,6.637800535195801,93.3140590950798,0.0,336500.795,3.714671758799262,187961.238,153677.958,34200.0,18.195240871950418,81.76045212045263,0.0,339864.651,10.062829393810656,185826.454,141533.101,44200.0,23.785633879662797,76.16412946242842,0.0,347203.691,12.730279413993904,17.147833344466996,31700.1,253.60282882263058,34190.228,A: 有価証券比率が高く、さらに増加
和歌山県,300004,71325.299,71325.299,0.0,0.0,100.0,0.0,305574.736,0.0,81509.951,81509.951,0.0,0.0,100.0,0.0,306373.803,0.0,82457.827,82457.827,0.0,0.0,100.0,0.0,310205.791,0.0,0.0,0.0,,-11132.528000000006,B: 低位から相対的にシフト
鳥取県,310000,62502.585,55852.374,6650.211,10.639897533838,89.360102466162,10.639897533838,218535.827,3.043075861423857,63541.566,55084.168,8457.398,13.31002449640602,86.68997550359397,13.31002449640602,218367.059,3.8730191443389814,61466.029,53174.327,8291.702,13.489893742769684,86.51010625723032,13.489893742769684,220592.361,3.758834604431293,2.8499962089316835,1641.490999999999,24.68329200381761,2678.047000000006,A: 有価証券比率が高く、さらに増加
島根県,320005,45182.681,20281.193,24892.162,55.09226422398441,44.887095123903784,10.535939644661637,277976.278,8.954779227600133,52691.446,25428.032,27263.414,51.74163183906549,48.25836816093451,5.8277656680744725,276422.24,9.862959651871716,53895.939,23640.256,30255.683,56.137222138387834,43.86277786161217,6.8883093399671536,279820.319,10.812539671216657,1.044957914403426,5363.521000000001,21.547027534209366,-3359.063000000002,A: 有価証券比率が高く、さらに増加
岡山県,330001,109437.47,97434.261,12003.209,10.968098038085127,89.03190196191487,6.936547418356802,428688.956,2.7999809260306674,106200.709,93120.403,13080.306,12.316590089808157,87.68340991019184,8.064577045337805,432540.929,3.0240620304396675,109646.5,96152.41,13494.09,12.30690446115471,87.69309553884528,7.042940723142098,438633.541,3.0763926464073115,1.3388064230695829,1490.8809999999994,12.420686834662293,1281.850999999995,A: 有価証券比率が高く、さらに増加
広島県,340006,165516.03,164518.644,0.0,0.0,99.39740821478136,0.0,579288.543,0.0,161571.735,160557.972,0.0,0.0,99.37256166742284,0.0,588217.627,0.0,162544.074,161516.745,0.0,0.0,99.36796896083705,0.0,599882.425,0.0,0.0,0.0,,3001.899000000005,B: 低位から相対的にシフト
山口県,350001,69956.104,69933.435,0.0,0.0,99.96759539382009,0.0,376358.415,0.0,74082.008,74059.339,0.0,0.0,99.96940012749114,0.0,377054.808,0.0,91210.479,91187.81,0.0,0.0,99.97514649605117,0.0,381900.448,0.0,0.0,0.0,,-21254.375,B: 低位から相対的にシフト
徳島県,360007,87845.803,87090.455,706.514,0.8042660842886256,99.14014332591393,0.0,258554.954,0.2732548686729089,91128.578,90376.601,706.514,0.7752935637819347,99.17481758576328,0.0,256922.987,0.27499057528861753,98148.121,97394.347,706.514,0.7198446519419358,99.2320036366259,0.0,260520.066,0.2711936976094579,-0.08442143234668975,0.0,0.0,-10303.891999999993,D: 現預金中心・シフト小
香川県,370002,76237.949,76237.949,0.0,0.0,100.0,0.0,268414.402,0.0,79579.205,79579.205,0.0,0.0,100.0,0.0,270112.017,0.0,82111.452,82111.452,0.0,0.0,100.0,0.0,274945.203,0.0,0.0,0.0,,-5873.5030000000115,B: 低位から相対的にシフト
愛媛県,380008,115771.393,114231.078,1540.315,1.33047980168987,98.66952019831012,0.0,362869.208,0.42448214564405806,129188.657,127648.343,1540.314,1.192298175218278,98.80770182478172,0.0,363639.715,0.42358244615828056,130227.675,128687.361,1540.314,1.182785456317177,98.81721454368282,0.0,371359.956,0.4147765463436236,-0.1476943453726931,-0.0009999999999763531,-6.492178547740904e-05,-14456.28300000001,D: 現預金中心・シフト小
高知県,390003,54360.747,51767.602,2359.707,4.340828870508346,95.22974730277345,2.003390424344242,271082.248,0.8704764024238133,54292.15,52793.355,1243.334,2.290080610180293,97.23938911978988,0.0,269981.457,0.46052570195589404,52859.829,50303.998,2279.307,4.3119833021026235,95.16488976912885,0.0,272660.761,0.8359497683643595,-0.028845568405722943,-80.40000000000009,-3.4072026738912964,1463.6039999999994,D: 現預金中心・シフト小
福岡県,400009,180114.721,161562.974,18491.986,10.266782136036511,89.70003845493562,1.905487780757243,988028.165,1.8716051480172124,190048.194,171481.082,18491.986,9.73015613081806,90.23031389606365,1.811153227796524,1007208.352,1.8359643229010874,181146.901,162777.638,18291.986,10.09787410053457,89.85946604739321,1.8946302592281166,1029808.813,1.7762506757649978,-0.168908035501941,-200.0,-1.0815495966739321,-1214.6640000000189,C: 高比率だが増加は小さい/低下
佐賀県,410004,72733.802,72681.334,0.0,0.0,99.92786297628166,0.0,266020.003,0.0,75455.768,75404.032,0.0,0.0,99.93143532778039,0.0,267714.418,0.0,64053.631,64002.464,0.0,0.0,99.92011850194721,0.0,274027.726,0.0,0.0,0.0,,8678.870000000003,B: 低位から相対的にシフト
長崎県,420000,98537.806,89806.246,8731.56,8.861126865357647,91.13887313464235,2.317887004709644,389963.591,2.2390705700522693,100462.383,53238.439,47223.944,47.00659350276412,52.99340649723588,19.271173370434582,390235.323,12.101401697047297,98954.941,43452.355,55502.586,56.08874649321452,43.91125350678548,17.392485737523707,396767.336,13.988698404346472,47.227619627856875,46771.026000000005,535.6548657971772,46353.890999999996,A: 有価証券比率が高く、さらに増加
熊本県,430005,108590.422,65369.241,43172.419,39.757115042798155,60.19798044435263,22.64531028344286,435111.278,9.922155821481603,98950.021,56550.731,42350.303,42.799690765098475,57.1508024237812,23.034957213399686,440447.592,9.615287668549678,104685.53,60336.719,44299.619,42.31685028484834,57.63615945775887,25.018929550244433,448036.79,9.887495846044251,2.5597352420501878,1127.199999999997,2.610926202675827,5032.5220000000045,A: 有価証券比率が高く、さらに増加
大分県,440001,81174.592,39495.004,41400.047,51.00123817068276,48.65439175844579,19.20954773631631,333039.115,12.430986372276422,84038.129,42145.232,41615.833,49.52018029815966,50.15013125768186,0.0,334661.515,12.435201280912148,83893.701,39835.182,43596.199,51.96599801932686,47.48292365835666,0.0,341106.417,12.780820537890966,0.9647598486440998,2196.152000000002,5.304708953591289,-340.1779999999999,A: 有価証券比率が高く、さらに増加
宮崎県,450006,135574.55,114573.112,20864.607,15.389766737193671,84.50930650332235,0.8730517637712978,332292.602,6.27898631339376,142171.009,123158.019,18875.165,13.27638112211752,86.62667576622461,0.6330404534162095,332887.667,5.670130458753222,138925.635,90254.887,48533.237,34.93468789975299,64.96633036804187,0.5237593479417963,338128.93,14.353470730824483,19.544921162559316,27668.63,132.61035781790667,24318.22499999999,A: 有価証券比率が高く、さらに増加
鹿児島県,460001,100241.416,93215.127,6994.513,6.977667793519597,92.99063273407869,5.896460999712933,484250.625,1.4443993748072086,106871.884,94416.904,12422.422,11.623657724607906,88.34587776145126,10.609530379383973,483573.931,2.5688775187511093,127066.077,108692.164,18341.222,14.434396994880075,85.53987544606417,13.581440780610546,489321.864,3.74829398589882,7.456729201360478,11346.709000000003,162.22300251640112,-15477.037000000011,A: 有価証券比率が高く、さらに増加
沖縄県,470007,154701.838,144839.959,9861.879,6.374765243577779,93.62523475642223,3.9775526131758046,404706.53,2.436797597508496,160575.286,151308.036,9267.25,5.771280394917061,94.22871960508293,3.4617512684984413,407514.427,2.274091267939331,168161.949,158763.699,9398.25,5.588808916576009,94.411191083424,3.205075245649062,418842.692,2.243861521165087,-0.7859563270017702,-463.6290000000008,-4.701223772873312,-13923.73999999999,C: 高比率だが増加は小さい/低下
