prefecture,prefecture_code,fiscal_year,as_of_date,period_type,scope,data_status,source_framework,fund_balance_million_yen,average_fund_balance_million_yen,cash_deposit_million_yen,securities_million_yen,government_bonds_million_yen,local_bonds_million_yen,securities_ratio_pct,government_bond_ratio_pct,cash_deposit_ratio_pct,investment_income_million_yen,fund_investment_income_million_yen,investment_yield_pct,bond_yield_pct,deposit_yield_pct,average_maturity_years,duration_years,source_document,source_url,comparison_level,comparison_notes,notes
北海道,10006,2022,2023-03-31,year_end_actual,prefecture_funds,STANDARDIZED_OFFICIAL,national_standardized,136903.702,,128651.516,6490.0,,2000.0,4.7405584401216565,,93.97226964687924,,,,,,,,総務省 地方財政状況調査（都道府県分）・基金の状況等,https://www.e-stat.go.jp/stat-search/files?stat_infid=000040171306,STANDARDIZED,全国統一統計による年度末残高。R7以降の個別公表資料とは定義・時点が異なる。,Stage1 standardized baseline; government_bonds not separately identifiable.
青森県,20001,2022,2023-03-31,year_end_actual,prefecture_funds,STANDARDIZED_OFFICIAL,national_standardized,133467.892,,130178.38,3230.157,,3230.157,2.420175333255432,,97.5353532968064,,,,,,,,総務省 地方財政状況調査（都道府県分）・基金の状況等,https://www.e-stat.go.jp/stat-search/files?stat_infid=000040171306,STANDARDIZED,全国統一統計による年度末残高。R7以降の個別公表資料とは定義・時点が異なる。,Stage1 standardized baseline; government_bonds not separately identifiable.
岩手県,30007,2022,2023-03-31,year_end_actual,prefecture_funds,STANDARDIZED_OFFICIAL,national_standardized,111574.493,,30.0,9212.076,,3740.0,8.256435456085827,,0.0268878658494105,,,,,,,,総務省 地方財政状況調査（都道府県分）・基金の状況等,https://www.e-stat.go.jp/stat-search/files?stat_infid=000040171306,STANDARDIZED,全国統一統計による年度末残高。R7以降の個別公表資料とは定義・時点が異なる。,Stage1 standardized baseline; government_bonds not separately identifiable.
宮城県,40002,2022,2023-03-31,year_end_actual,prefecture_funds,STANDARDIZED_OFFICIAL,national_standardized,198269.012,,193253.287,5015.725,,5007.639,2.5297573984985613,,97.47024260150144,,,,,,,,総務省 地方財政状況調査（都道府県分）・基金の状況等,https://www.e-stat.go.jp/stat-search/files?stat_infid=000040171306,STANDARDIZED,全国統一統計による年度末残高。R7以降の個別公表資料とは定義・時点が異なる。,Stage1 standardized baseline; government_bonds not separately identifiable.
秋田県,50008,2022,2023-03-31,year_end_actual,prefecture_funds,STANDARDIZED_OFFICIAL,national_standardized,68471.2,,67569.155,650.0,,0.0,0.9493042330205984,,98.68259209711528,,,,,,,,総務省 地方財政状況調査（都道府県分）・基金の状況等,https://www.e-stat.go.jp/stat-search/files?stat_infid=000040171306,STANDARDIZED,全国統一統計による年度末残高。R7以降の個別公表資料とは定義・時点が異なる。,Stage1 standardized baseline; government_bonds not separately identifiable.
山形県,60003,2022,2023-03-31,year_end_actual,prefecture_funds,STANDARDIZED_OFFICIAL,national_standardized,69833.844,,68650.995,1157.921,,0.0,1.6581086385564,,98.30619520242936,,,,,,,,総務省 地方財政状況調査（都道府県分）・基金の状況等,https://www.e-stat.go.jp/stat-search/files?stat_infid=000040171306,STANDARDIZED,全国統一統計による年度末残高。R7以降の個別公表資料とは定義・時点が異なる。,Stage1 standardized baseline; government_bonds not separately identifiable.
福島県,70009,2022,2023-03-31,year_end_actual,prefecture_funds,STANDARDIZED_OFFICIAL,national_standardized,528471.516,,449874.335,78494.755,,2399.483,14.85316665581651,,85.12745178871667,,,,,,,,総務省 地方財政状況調査（都道府県分）・基金の状況等,https://www.e-stat.go.jp/stat-search/files?stat_infid=000040171306,STANDARDIZED,全国統一統計による年度末残高。R7以降の個別公表資料とは定義・時点が異なる。,Stage1 standardized baseline; government_bonds not separately identifiable.
茨城県,80004,2022,2023-03-31,year_end_actual,prefecture_funds,STANDARDIZED_OFFICIAL,national_standardized,227806.778,,227624.629,0.0,,0.0,0.0,,99.92004232639646,,,,,,,,総務省 地方財政状況調査（都道府県分）・基金の状況等,https://www.e-stat.go.jp/stat-search/files?stat_infid=000040171306,STANDARDIZED,全国統一統計による年度末残高。R7以降の個別公表資料とは定義・時点が異なる。,Stage1 standardized baseline; government_bonds not separately identifiable.
栃木県,90000,2022,2023-03-31,year_end_actual,prefecture_funds,STANDARDIZED_OFFICIAL,national_standardized,106635.364,,99157.425,7130.0,,5440.0,6.686337189227394,,92.98737424481432,,,,,,,,総務省 地方財政状況調査（都道府県分）・基金の状況等,https://www.e-stat.go.jp/stat-search/files?stat_infid=000040171306,STANDARDIZED,全国統一統計による年度末残高。R7以降の個別公表資料とは定義・時点が異なる。,Stage1 standardized baseline; government_bonds not separately identifiable.
群馬県,100005,2022,2023-03-31,year_end_actual,prefecture_funds,STANDARDIZED_OFFICIAL,national_standardized,90593.288,,87075.207,3447.664,,2546.239,3.805650590803151,,96.11662069269411,,,,,,,,総務省 地方財政状況調査（都道府県分）・基金の状況等,https://www.e-stat.go.jp/stat-search/files?stat_infid=000040171306,STANDARDIZED,全国統一統計による年度末残高。R7以降の個別公表資料とは定義・時点が異なる。,Stage1 standardized baseline; government_bonds not separately identifiable.
埼玉県,110001,2022,2023-03-31,year_end_actual,prefecture_funds,STANDARDIZED_OFFICIAL,national_standardized,261198.036,,93361.901,167836.135,,165113.682,64.25627756251583,,35.74372243748417,,,,,,,,総務省 地方財政状況調査（都道府県分）・基金の状況等,https://www.e-stat.go.jp/stat-search/files?stat_infid=000040171306,STANDARDIZED,全国統一統計による年度末残高。R7以降の個別公表資料とは定義・時点が異なる。,Stage1 standardized baseline; government_bonds not separately identifiable.
千葉県,120006,2022,2023-03-31,year_end_actual,prefecture_funds,STANDARDIZED_OFFICIAL,national_standardized,387627.269,,387527.269,100.0,,0.0,0.0257979786246668,,99.97420202137532,,,,,,,,総務省 地方財政状況調査（都道府県分）・基金の状況等,https://www.e-stat.go.jp/stat-search/files?stat_infid=000040171306,STANDARDIZED,全国統一統計による年度末残高。R7以降の個別公表資料とは定義・時点が異なる。,Stage1 standardized baseline; government_bonds not separately identifiable.
東京都,130001,2022,2023-03-31,year_end_actual,prefecture_funds,STANDARDIZED_OFFICIAL,national_standardized,2361531.791,,2154797.482,101115.157,,0.0,4.281761413729789,,91.24575371850244,,,,,,,,総務省 地方財政状況調査（都道府県分）・基金の状況等,https://www.e-stat.go.jp/stat-search/files?stat_infid=000040171306,STANDARDIZED,全国統一統計による年度末残高。R7以降の個別公表資料とは定義・時点が異なる。,Stage1 standardized baseline; government_bonds not separately identifiable.
神奈川県,140007,2022,2023-03-31,year_end_actual,prefecture_funds,STANDARDIZED_OFFICIAL,national_standardized,341147.406,,323995.919,16926.065,,16926.065,4.961510684914895,,94.97241172046314,,,,,,,,総務省 地方財政状況調査（都道府県分）・基金の状況等,https://www.e-stat.go.jp/stat-search/files?stat_infid=000040171306,STANDARDIZED,全国統一統計による年度末残高。R7以降の個別公表資料とは定義・時点が異なる。,Stage1 standardized baseline; government_bonds not separately identifiable.
新潟県,150002,2022,2023-03-31,year_end_actual,prefecture_funds,STANDARDIZED_OFFICIAL,national_standardized,112436.693,,112336.978,21.402,,0.0,0.0190347113819863,,99.91131453857328,,,,,,,,総務省 地方財政状況調査（都道府県分）・基金の状況等,https://www.e-stat.go.jp/stat-search/files?stat_infid=000040171306,STANDARDIZED,全国統一統計による年度末残高。R7以降の個別公表資料とは定義・時点が異なる。,Stage1 standardized baseline; government_bonds not separately identifiable.
富山県,160008,2022,2023-03-31,year_end_actual,prefecture_funds,STANDARDIZED_OFFICIAL,national_standardized,60666.53,,52239.114,8307.497,,630.0,13.693707222087696,,86.10862365129505,,,,,,,,総務省 地方財政状況調査（都道府県分）・基金の状況等,https://www.e-stat.go.jp/stat-search/files?stat_infid=000040171306,STANDARDIZED,全国統一統計による年度末残高。R7以降の個別公表資料とは定義・時点が異なる。,Stage1 standardized baseline; government_bonds not separately identifiable.
石川県,170003,2022,2023-03-31,year_end_actual,prefecture_funds,STANDARDIZED_OFFICIAL,national_standardized,135186.519,,134519.218,10.029,,0.0,0.0074186391322051,,99.50638495248182,,,,,,,,総務省 地方財政状況調査（都道府県分）・基金の状況等,https://www.e-stat.go.jp/stat-search/files?stat_infid=000040171306,STANDARDIZED,全国統一統計による年度末残高。R7以降の個別公表資料とは定義・時点が異なる。,Stage1 standardized baseline; government_bonds not separately identifiable.
福井県,180009,2022,2023-03-31,year_end_actual,prefecture_funds,STANDARDIZED_OFFICIAL,national_standardized,36560.919,,35660.919,900.0,,0.0,2.461644905588943,,97.53835509441106,,,,,,,,総務省 地方財政状況調査（都道府県分）・基金の状況等,https://www.e-stat.go.jp/stat-search/files?stat_infid=000040171306,STANDARDIZED,全国統一統計による年度末残高。R7以降の個別公表資料とは定義・時点が異なる。,Stage1 standardized baseline; government_bonds not separately identifiable.
山梨県,190004,2022,2023-03-31,year_end_actual,prefecture_funds,STANDARDIZED_OFFICIAL,national_standardized,92715.389,,83412.426,9302.963,,800.0,10.033893078958014,,89.966106921042,,,,,,,,総務省 地方財政状況調査（都道府県分）・基金の状況等,https://www.e-stat.go.jp/stat-search/files?stat_infid=000040171306,STANDARDIZED,全国統一統計による年度末残高。R7以降の個別公表資料とは定義・時点が異なる。,Stage1 standardized baseline; government_bonds not separately identifiable.
長野県,200000,2022,2023-03-31,year_end_actual,prefecture_funds,STANDARDIZED_OFFICIAL,national_standardized,125079.606,,118939.866,6088.71,,4098.11,4.867867908058489,,95.09133407407758,,,,,,,,総務省 地方財政状況調査（都道府県分）・基金の状況等,https://www.e-stat.go.jp/stat-search/files?stat_infid=000040171306,STANDARDIZED,全国統一統計による年度末残高。R7以降の個別公表資料とは定義・時点が異なる。,Stage1 standardized baseline; government_bonds not separately identifiable.
岐阜県,210005,2022,2023-03-31,year_end_actual,prefecture_funds,STANDARDIZED_OFFICIAL,national_standardized,102223.735,,70233.398,31990.337,,22591.255,31.29443176772987,,68.70556823227012,,,,,,,,総務省 地方財政状況調査（都道府県分）・基金の状況等,https://www.e-stat.go.jp/stat-search/files?stat_infid=000040171306,STANDARDIZED,全国統一統計による年度末残高。R7以降の個別公表資料とは定義・時点が異なる。,Stage1 standardized baseline; government_bonds not separately identifiable.
静岡県,220001,2022,2023-03-31,year_end_actual,prefecture_funds,STANDARDIZED_OFFICIAL,national_standardized,141581.59,,115006.001,26575.589,,15791.288,18.770511759332557,,81.22948824066746,,,,,,,,総務省 地方財政状況調査（都道府県分）・基金の状況等,https://www.e-stat.go.jp/stat-search/files?stat_infid=000040171306,STANDARDIZED,全国統一統計による年度末残高。R7以降の個別公表資料とは定義・時点が異なる。,Stage1 standardized baseline; government_bonds not separately identifiable.
愛知県,230006,2022,2023-03-31,year_end_actual,prefecture_funds,STANDARDIZED_OFFICIAL,national_standardized,375740.291,,371291.216,4200.0,,4200.0,1.1177933537077076,,98.8159175082983,,,,,,,,総務省 地方財政状況調査（都道府県分）・基金の状況等,https://www.e-stat.go.jp/stat-search/files?stat_infid=000040171306,STANDARDIZED,全国統一統計による年度末残高。R7以降の個別公表資料とは定義・時点が異なる。,Stage1 standardized baseline; government_bonds not separately identifiable.
三重県,240001,2022,2023-03-31,year_end_actual,prefecture_funds,STANDARDIZED_OFFICIAL,national_standardized,95352.551,,93521.66,1830.891,,1830.891,1.920127968049853,,98.07987203195016,,,,,,,,総務省 地方財政状況調査（都道府県分）・基金の状況等,https://www.e-stat.go.jp/stat-search/files?stat_infid=000040171306,STANDARDIZED,全国統一統計による年度末残高。R7以降の個別公表資料とは定義・時点が異なる。,Stage1 standardized baseline; government_bonds not separately identifiable.
滋賀県,250007,2022,2023-03-31,year_end_actual,prefecture_funds,STANDARDIZED_OFFICIAL,national_standardized,88514.298,,85973.003,2377.909,,0.0,2.686468800780638,,97.12894407183798,,,,,,,,総務省 地方財政状況調査（都道府県分）・基金の状況等,https://www.e-stat.go.jp/stat-search/files?stat_infid=000040171306,STANDARDIZED,全国統一統計による年度末残高。R7以降の個別公表資料とは定義・時点が異なる。,Stage1 standardized baseline; government_bonds not separately identifiable.
京都府,260002,2022,2023-03-31,year_end_actual,prefecture_funds,STANDARDIZED_OFFICIAL,national_standardized,18999.383,,16999.671,1999.712,,1200.0,10.525141790130762,,89.47485820986923,,,,,,,,総務省 地方財政状況調査（都道府県分）・基金の状況等,https://www.e-stat.go.jp/stat-search/files?stat_infid=000040171306,STANDARDIZED,全国統一統計による年度末残高。R7以降の個別公表資料とは定義・時点が異なる。,Stage1 standardized baseline; government_bonds not separately identifiable.
大阪府,270008,2022,2023-03-31,year_end_actual,prefecture_funds,STANDARDIZED_OFFICIAL,national_standardized,475332.101,,466944.822,6428.604,,2619.164,1.3524447405246884,,98.23549072693493,,,,,,,,総務省 地方財政状況調査（都道府県分）・基金の状況等,https://www.e-stat.go.jp/stat-search/files?stat_infid=000040171306,STANDARDIZED,全国統一統計による年度末残高。R7以降の個別公表資料とは定義・時点が異なる。,Stage1 standardized baseline; government_bonds not separately identifiable.
兵庫県,280003,2022,2023-03-31,year_end_actual,prefecture_funds,STANDARDIZED_OFFICIAL,national_standardized,104886.668,,96754.363,5866.0,,0.0,5.592703164142844,,92.24657894557198,,,,,,,,総務省 地方財政状況調査（都道府県分）・基金の状況等,https://www.e-stat.go.jp/stat-search/files?stat_infid=000040171306,STANDARDIZED,全国統一統計による年度末残高。R7以降の個別公表資料とは定義・時点が異なる。,Stage1 standardized baseline; government_bonds not separately identifiable.
奈良県,290009,2022,2023-03-31,year_end_actual,prefecture_funds,STANDARDIZED_OFFICIAL,national_standardized,188313.884,,175723.329,12499.9,,0.0,6.637800535195801,,93.3140590950798,,,,,,,,総務省 地方財政状況調査（都道府県分）・基金の状況等,https://www.e-stat.go.jp/stat-search/files?stat_infid=000040171306,STANDARDIZED,全国統一統計による年度末残高。R7以降の個別公表資料とは定義・時点が異なる。,Stage1 standardized baseline; government_bonds not separately identifiable.
和歌山県,300004,2022,2023-03-31,year_end_actual,prefecture_funds,STANDARDIZED_OFFICIAL,national_standardized,71325.299,,71325.299,0.0,,0.0,0.0,,100.0,,,,,,,,総務省 地方財政状況調査（都道府県分）・基金の状況等,https://www.e-stat.go.jp/stat-search/files?stat_infid=000040171306,STANDARDIZED,全国統一統計による年度末残高。R7以降の個別公表資料とは定義・時点が異なる。,Stage1 standardized baseline; government_bonds not separately identifiable.
鳥取県,310000,2022,2023-03-31,year_end_actual,prefecture_funds,STANDARDIZED_OFFICIAL,national_standardized,62502.585,,55852.374,6650.211,,6650.211,10.639897533838,,89.360102466162,,,,,,,,総務省 地方財政状況調査（都道府県分）・基金の状況等,https://www.e-stat.go.jp/stat-search/files?stat_infid=000040171306,STANDARDIZED,全国統一統計による年度末残高。R7以降の個別公表資料とは定義・時点が異なる。,Stage1 standardized baseline; government_bonds not separately identifiable.
島根県,320005,2022,2023-03-31,year_end_actual,prefecture_funds,STANDARDIZED_OFFICIAL,national_standardized,45182.681,,20281.193,24892.162,,4760.42,55.09226422398441,,44.88709512390378,,,,,,,,総務省 地方財政状況調査（都道府県分）・基金の状況等,https://www.e-stat.go.jp/stat-search/files?stat_infid=000040171306,STANDARDIZED,全国統一統計による年度末残高。R7以降の個別公表資料とは定義・時点が異なる。,Stage1 standardized baseline; government_bonds not separately identifiable.
岡山県,330001,2022,2023-03-31,year_end_actual,prefecture_funds,STANDARDIZED_OFFICIAL,national_standardized,109437.47,,97434.261,12003.209,,7591.182,10.968098038085127,,89.03190196191487,,,,,,,,総務省 地方財政状況調査（都道府県分）・基金の状況等,https://www.e-stat.go.jp/stat-search/files?stat_infid=000040171306,STANDARDIZED,全国統一統計による年度末残高。R7以降の個別公表資料とは定義・時点が異なる。,Stage1 standardized baseline; government_bonds not separately identifiable.
広島県,340006,2022,2023-03-31,year_end_actual,prefecture_funds,STANDARDIZED_OFFICIAL,national_standardized,165516.03,,164518.644,0.0,,0.0,0.0,,99.39740821478136,,,,,,,,総務省 地方財政状況調査（都道府県分）・基金の状況等,https://www.e-stat.go.jp/stat-search/files?stat_infid=000040171306,STANDARDIZED,全国統一統計による年度末残高。R7以降の個別公表資料とは定義・時点が異なる。,Stage1 standardized baseline; government_bonds not separately identifiable.
山口県,350001,2022,2023-03-31,year_end_actual,prefecture_funds,STANDARDIZED_OFFICIAL,national_standardized,69956.104,,69933.435,0.0,,0.0,0.0,,99.96759539382008,,,,,,,,総務省 地方財政状況調査（都道府県分）・基金の状況等,https://www.e-stat.go.jp/stat-search/files?stat_infid=000040171306,STANDARDIZED,全国統一統計による年度末残高。R7以降の個別公表資料とは定義・時点が異なる。,Stage1 standardized baseline; government_bonds not separately identifiable.
徳島県,360007,2022,2023-03-31,year_end_actual,prefecture_funds,STANDARDIZED_OFFICIAL,national_standardized,87845.803,,87090.455,706.514,,0.0,0.8042660842886256,,99.14014332591393,,,,,,,,総務省 地方財政状況調査（都道府県分）・基金の状況等,https://www.e-stat.go.jp/stat-search/files?stat_infid=000040171306,STANDARDIZED,全国統一統計による年度末残高。R7以降の個別公表資料とは定義・時点が異なる。,Stage1 standardized baseline; government_bonds not separately identifiable.
香川県,370002,2022,2023-03-31,year_end_actual,prefecture_funds,STANDARDIZED_OFFICIAL,national_standardized,76237.949,,76237.949,0.0,,0.0,0.0,,100.0,,,,,,,,総務省 地方財政状況調査（都道府県分）・基金の状況等,https://www.e-stat.go.jp/stat-search/files?stat_infid=000040171306,STANDARDIZED,全国統一統計による年度末残高。R7以降の個別公表資料とは定義・時点が異なる。,Stage1 standardized baseline; government_bonds not separately identifiable.
愛媛県,380008,2022,2023-03-31,year_end_actual,prefecture_funds,STANDARDIZED_OFFICIAL,national_standardized,115771.393,,114231.078,1540.315,,0.0,1.33047980168987,,98.66952019831012,,,,,,,,総務省 地方財政状況調査（都道府県分）・基金の状況等,https://www.e-stat.go.jp/stat-search/files?stat_infid=000040171306,STANDARDIZED,全国統一統計による年度末残高。R7以降の個別公表資料とは定義・時点が異なる。,Stage1 standardized baseline; government_bonds not separately identifiable.
高知県,390003,2022,2023-03-31,year_end_actual,prefecture_funds,STANDARDIZED_OFFICIAL,national_standardized,54360.747,,51767.602,2359.707,,1089.058,4.340828870508346,,95.22974730277345,,,,,,,,総務省 地方財政状況調査（都道府県分）・基金の状況等,https://www.e-stat.go.jp/stat-search/files?stat_infid=000040171306,STANDARDIZED,全国統一統計による年度末残高。R7以降の個別公表資料とは定義・時点が異なる。,Stage1 standardized baseline; government_bonds not separately identifiable.
福岡県,400009,2022,2023-03-31,year_end_actual,prefecture_funds,STANDARDIZED_OFFICIAL,national_standardized,180114.721,,161562.974,18491.986,,3432.064,10.266782136036513,,89.70003845493562,,,,,,,,総務省 地方財政状況調査（都道府県分）・基金の状況等,https://www.e-stat.go.jp/stat-search/files?stat_infid=000040171306,STANDARDIZED,全国統一統計による年度末残高。R7以降の個別公表資料とは定義・時点が異なる。,Stage1 standardized baseline; government_bonds not separately identifiable.
佐賀県,410004,2022,2023-03-31,year_end_actual,prefecture_funds,STANDARDIZED_OFFICIAL,national_standardized,72733.802,,72681.334,0.0,,0.0,0.0,,99.92786297628166,,,,,,,,総務省 地方財政状況調査（都道府県分）・基金の状況等,https://www.e-stat.go.jp/stat-search/files?stat_infid=000040171306,STANDARDIZED,全国統一統計による年度末残高。R7以降の個別公表資料とは定義・時点が異なる。,Stage1 standardized baseline; government_bonds not separately identifiable.
長崎県,420000,2022,2023-03-31,year_end_actual,prefecture_funds,STANDARDIZED_OFFICIAL,national_standardized,98537.806,,89806.246,8731.56,,2283.995,8.861126865357647,,91.13887313464237,,,,,,,,総務省 地方財政状況調査（都道府県分）・基金の状況等,https://www.e-stat.go.jp/stat-search/files?stat_infid=000040171306,STANDARDIZED,全国統一統計による年度末残高。R7以降の個別公表資料とは定義・時点が異なる。,Stage1 standardized baseline; government_bonds not separately identifiable.
熊本県,430005,2022,2023-03-31,year_end_actual,prefecture_funds,STANDARDIZED_OFFICIAL,national_standardized,108590.422,,65369.241,43172.419,,24590.638,39.75711504279816,,60.19798044435263,,,,,,,,総務省 地方財政状況調査（都道府県分）・基金の状況等,https://www.e-stat.go.jp/stat-search/files?stat_infid=000040171306,STANDARDIZED,全国統一統計による年度末残高。R7以降の個別公表資料とは定義・時点が異なる。,Stage1 standardized baseline; government_bonds not separately identifiable.
大分県,440001,2022,2023-03-31,year_end_actual,prefecture_funds,STANDARDIZED_OFFICIAL,national_standardized,81174.592,,39495.004,41400.047,,15593.272,51.00123817068276,,48.65439175844579,,,,,,,,総務省 地方財政状況調査（都道府県分）・基金の状況等,https://www.e-stat.go.jp/stat-search/files?stat_infid=000040171306,STANDARDIZED,全国統一統計による年度末残高。R7以降の個別公表資料とは定義・時点が異なる。,Stage1 standardized baseline; government_bonds not separately identifiable.
宮崎県,450006,2022,2023-03-31,year_end_actual,prefecture_funds,STANDARDIZED_OFFICIAL,national_standardized,135574.55,,114573.112,20864.607,,1183.636,15.389766737193671,,84.50930650332235,,,,,,,,総務省 地方財政状況調査（都道府県分）・基金の状況等,https://www.e-stat.go.jp/stat-search/files?stat_infid=000040171306,STANDARDIZED,全国統一統計による年度末残高。R7以降の個別公表資料とは定義・時点が異なる。,Stage1 standardized baseline; government_bonds not separately identifiable.
鹿児島県,460001,2022,2023-03-31,year_end_actual,prefecture_funds,STANDARDIZED_OFFICIAL,national_standardized,100241.416,,93215.127,6994.513,,5910.696,6.977667793519597,,92.99063273407867,,,,,,,,総務省 地方財政状況調査（都道府県分）・基金の状況等,https://www.e-stat.go.jp/stat-search/files?stat_infid=000040171306,STANDARDIZED,全国統一統計による年度末残高。R7以降の個別公表資料とは定義・時点が異なる。,Stage1 standardized baseline; government_bonds not separately identifiable.
沖縄県,470007,2022,2023-03-31,year_end_actual,prefecture_funds,STANDARDIZED_OFFICIAL,national_standardized,154701.838,,144839.959,9861.879,,6153.347,6.374765243577779,,93.62523475642224,,,,,,,,総務省 地方財政状況調査（都道府県分）・基金の状況等,https://www.e-stat.go.jp/stat-search/files?stat_infid=000040171306,STANDARDIZED,全国統一統計による年度末残高。R7以降の個別公表資料とは定義・時点が異なる。,Stage1 standardized baseline; government_bonds not separately identifiable.
北海道,10006,2023,2024-03-31,year_end_actual,prefecture_funds,STANDARDIZED_OFFICIAL,national_standardized,152968.813,,146478.813,6490.0,,2000.0,4.242694881864581,,95.75730511813542,,,,,,,,総務省 地方財政状況調査（都道府県分）・基金の状況等,https://www.e-stat.go.jp/stat-search/files?stat_infid=000040231750,STANDARDIZED,全国統一統計による年度末残高。R7以降の個別公表資料とは定義・時点が異なる。,Stage1 standardized baseline; government_bonds not separately identifiable.
青森県,20001,2023,2024-03-31,year_end_actual,prefecture_funds,STANDARDIZED_OFFICIAL,national_standardized,149325.697,,147123.71,2130.0,,2130.0,1.4264122269591684,,98.52537972750932,,,,,,,,総務省 地方財政状況調査（都道府県分）・基金の状況等,https://www.e-stat.go.jp/stat-search/files?stat_infid=000040231750,STANDARDIZED,全国統一統計による年度末残高。R7以降の個別公表資料とは定義・時点が異なる。,Stage1 standardized baseline; government_bonds not separately identifiable.
岩手県,30007,2023,2024-03-31,year_end_actual,prefecture_funds,STANDARDIZED_OFFICIAL,national_standardized,118111.945,,0.0,11612.076,,4040.0,9.831415442358518,,0.0,,,,,,,,総務省 地方財政状況調査（都道府県分）・基金の状況等,https://www.e-stat.go.jp/stat-search/files?stat_infid=000040231750,STANDARDIZED,全国統一統計による年度末残高。R7以降の個別公表資料とは定義・時点が異なる。,Stage1 standardized baseline; government_bonds not separately identifiable.
宮城県,40002,2023,2024-03-31,year_end_actual,prefecture_funds,STANDARDIZED_OFFICIAL,national_standardized,205385.163,,193420.343,11964.82,,942.812,5.825552257638007,,94.174447742362,,,,,,,,総務省 地方財政状況調査（都道府県分）・基金の状況等,https://www.e-stat.go.jp/stat-search/files?stat_infid=000040231750,STANDARDIZED,全国統一統計による年度末残高。R7以降の個別公表資料とは定義・時点が異なる。,Stage1 standardized baseline; government_bonds not separately identifiable.
秋田県,50008,2023,2024-03-31,year_end_actual,prefecture_funds,STANDARDIZED_OFFICIAL,national_standardized,78022.393,,76716.027,1050.0,,0.0,1.345767490110179,,98.32565248287118,,,,,,,,総務省 地方財政状況調査（都道府県分）・基金の状況等,https://www.e-stat.go.jp/stat-search/files?stat_infid=000040231750,STANDARDIZED,全国統一統計による年度末残高。R7以降の個別公表資料とは定義・時点が異なる。,Stage1 standardized baseline; government_bonds not separately identifiable.
山形県,60003,2023,2024-03-31,year_end_actual,prefecture_funds,STANDARDIZED_OFFICIAL,national_standardized,70720.529,,68906.156,1789.445,,0.0,2.530304885021434,,97.43444650986704,,,,,,,,総務省 地方財政状況調査（都道府県分）・基金の状況等,https://www.e-stat.go.jp/stat-search/files?stat_infid=000040231750,STANDARDIZED,全国統一統計による年度末残高。R7以降の個別公表資料とは定義・時点が異なる。,Stage1 standardized baseline; government_bonds not separately identifiable.
福島県,70009,2023,2024-03-31,year_end_actual,prefecture_funds,STANDARDIZED_OFFICIAL,national_standardized,526501.975,,447885.023,78494.755,,2399.483,14.908729449685351,,85.06806133063414,,,,,,,,総務省 地方財政状況調査（都道府県分）・基金の状況等,https://www.e-stat.go.jp/stat-search/files?stat_infid=000040231750,STANDARDIZED,全国統一統計による年度末残高。R7以降の個別公表資料とは定義・時点が異なる。,Stage1 standardized baseline; government_bonds not separately identifiable.
茨城県,80004,2023,2024-03-31,year_end_actual,prefecture_funds,STANDARDIZED_OFFICIAL,national_standardized,228075.264,,227870.905,0.0,,0.0,0.0,,99.91039843759646,,,,,,,,総務省 地方財政状況調査（都道府県分）・基金の状況等,https://www.e-stat.go.jp/stat-search/files?stat_infid=000040231750,STANDARDIZED,全国統一統計による年度末残高。R7以降の個別公表資料とは定義・時点が異なる。,Stage1 standardized baseline; government_bonds not separately identifiable.
栃木県,90000,2023,2024-03-31,year_end_actual,prefecture_funds,STANDARDIZED_OFFICIAL,national_standardized,120357.793,,111693.932,8340.0,,6390.0,6.929339423829414,,92.8015787062496,,,,,,,,総務省 地方財政状況調査（都道府県分）・基金の状況等,https://www.e-stat.go.jp/stat-search/files?stat_infid=000040231750,STANDARDIZED,全国統一統計による年度末残高。R7以降の個別公表資料とは定義・時点が異なる。,Stage1 standardized baseline; government_bonds not separately identifiable.
群馬県,100005,2023,2024-03-31,year_end_actual,prefecture_funds,STANDARDIZED_OFFICIAL,national_standardized,127109.625,,124194.07,2845.916,,2545.916,2.238946106559594,,97.70626732633347,,,,,,,,総務省 地方財政状況調査（都道府県分）・基金の状況等,https://www.e-stat.go.jp/stat-search/files?stat_infid=000040231750,STANDARDIZED,全国統一統計による年度末残高。R7以降の個別公表資料とは定義・時点が異なる。,Stage1 standardized baseline; government_bonds not separately identifiable.
埼玉県,110001,2023,2024-03-31,year_end_actual,prefecture_funds,STANDARDIZED_OFFICIAL,national_standardized,284886.735,,107708.09,177178.645,,174171.524,62.19266228734729,,37.80733771265272,,,,,,,,総務省 地方財政状況調査（都道府県分）・基金の状況等,https://www.e-stat.go.jp/stat-search/files?stat_infid=000040231750,STANDARDIZED,全国統一統計による年度末残高。R7以降の個別公表資料とは定義・時点が異なる。,Stage1 standardized baseline; government_bonds not separately identifiable.
千葉県,120006,2023,2024-03-31,year_end_actual,prefecture_funds,STANDARDIZED_OFFICIAL,national_standardized,404860.445,,404760.445,100.0,,0.0,0.0246998691116885,,99.97530013088831,,,,,,,,総務省 地方財政状況調査（都道府県分）・基金の状況等,https://www.e-stat.go.jp/stat-search/files?stat_infid=000040231750,STANDARDIZED,全国統一統計による年度末残高。R7以降の個別公表資料とは定義・時点が異なる。,Stage1 standardized baseline; government_bonds not separately identifiable.
東京都,130001,2023,2024-03-31,year_end_actual,prefecture_funds,STANDARDIZED_OFFICIAL,national_standardized,2593793.379,,2383898.277,104115.157,,0.0,4.01401121010418,,91.90779405563435,,,,,,,,総務省 地方財政状況調査（都道府県分）・基金の状況等,https://www.e-stat.go.jp/stat-search/files?stat_infid=000040231750,STANDARDIZED,全国統一統計による年度末残高。R7以降の個別公表資料とは定義・時点が異なる。,Stage1 standardized baseline; government_bonds not separately identifiable.
神奈川県,140007,2023,2024-03-31,year_end_actual,prefecture_funds,STANDARDIZED_OFFICIAL,national_standardized,376589.483,,359370.19,17002.196,,17002.196,4.514782479998253,,95.4275693354931,,,,,,,,総務省 地方財政状況調査（都道府県分）・基金の状況等,https://www.e-stat.go.jp/stat-search/files?stat_infid=000040231750,STANDARDIZED,全国統一統計による年度末残高。R7以降の個別公表資料とは定義・時点が異なる。,Stage1 standardized baseline; government_bonds not separately identifiable.
新潟県,150002,2023,2024-03-31,year_end_actual,prefecture_funds,STANDARDIZED_OFFICIAL,national_standardized,132596.931,,129056.396,3461.402,,0.0,2.610469166891954,,97.32985147295751,,,,,,,,総務省 地方財政状況調査（都道府県分）・基金の状況等,https://www.e-stat.go.jp/stat-search/files?stat_infid=000040231750,STANDARDIZED,全国統一統計による年度末残高。R7以降の個別公表資料とは定義・時点が異なる。,Stage1 standardized baseline; government_bonds not separately identifiable.
富山県,160008,2023,2024-03-31,year_end_actual,prefecture_funds,STANDARDIZED_OFFICIAL,national_standardized,61415.984,,46833.613,14484.314,,560.0,23.583948439220645,,76.25639117009018,,,,,,,,総務省 地方財政状況調査（都道府県分）・基金の状況等,https://www.e-stat.go.jp/stat-search/files?stat_infid=000040231750,STANDARDIZED,全国統一統計による年度末残高。R7以降の個別公表資料とは定義・時点が異なる。,Stage1 standardized baseline; government_bonds not separately identifiable.
石川県,170003,2023,2024-03-31,year_end_actual,prefecture_funds,STANDARDIZED_OFFICIAL,national_standardized,143259.534,,142592.217,10.029,,0.0,0.0070005811969205,,99.53419016426508,,,,,,,,総務省 地方財政状況調査（都道府県分）・基金の状況等,https://www.e-stat.go.jp/stat-search/files?stat_infid=000040231750,STANDARDIZED,全国統一統計による年度末残高。R7以降の個別公表資料とは定義・時点が異なる。,Stage1 standardized baseline; government_bonds not separately identifiable.
福井県,180009,2023,2024-03-31,year_end_actual,prefecture_funds,STANDARDIZED_OFFICIAL,national_standardized,47234.047,,46334.047,900.0,,0.0,1.9054052260226613,,98.09459477397732,,,,,,,,総務省 地方財政状況調査（都道府県分）・基金の状況等,https://www.e-stat.go.jp/stat-search/files?stat_infid=000040231750,STANDARDIZED,全国統一統計による年度末残高。R7以降の個別公表資料とは定義・時点が異なる。,Stage1 standardized baseline; government_bonds not separately identifiable.
山梨県,190004,2023,2024-03-31,year_end_actual,prefecture_funds,STANDARDIZED_OFFICIAL,national_standardized,96308.546,,87006.03,9302.516,,800.0,9.659076360679352,,90.34092363932064,,,,,,,,総務省 地方財政状況調査（都道府県分）・基金の状況等,https://www.e-stat.go.jp/stat-search/files?stat_infid=000040231750,STANDARDIZED,全国統一統計による年度末残高。R7以降の個別公表資料とは定義・時点が異なる。,Stage1 standardized baseline; government_bonds not separately identifiable.
長野県,200000,2023,2024-03-31,year_end_actual,prefecture_funds,STANDARDIZED_OFFICIAL,national_standardized,143933.451,,137652.021,6238.774,,4328.762,4.334485108677065,,95.63587897298454,,,,,,,,総務省 地方財政状況調査（都道府県分）・基金の状況等,https://www.e-stat.go.jp/stat-search/files?stat_infid=000040231750,STANDARDIZED,全国統一統計による年度末残高。R7以降の個別公表資料とは定義・時点が異なる。,Stage1 standardized baseline; government_bonds not separately identifiable.
岐阜県,210005,2023,2024-03-31,year_end_actual,prefecture_funds,STANDARDIZED_OFFICIAL,national_standardized,109598.169,,68107.832,41490.337,,29991.255,37.85677934090304,,62.14322065909696,,,,,,,,総務省 地方財政状況調査（都道府県分）・基金の状況等,https://www.e-stat.go.jp/stat-search/files?stat_infid=000040231750,STANDARDIZED,全国統一統計による年度末残高。R7以降の個別公表資料とは定義・時点が異なる。,Stage1 standardized baseline; government_bonds not separately identifiable.
静岡県,220001,2023,2024-03-31,year_end_actual,prefecture_funds,STANDARDIZED_OFFICIAL,national_standardized,138766.81,,110715.978,28050.832,,17462.881,20.214366821576427,,79.78563317842358,,,,,,,,総務省 地方財政状況調査（都道府県分）・基金の状況等,https://www.e-stat.go.jp/stat-search/files?stat_infid=000040231750,STANDARDIZED,全国統一統計による年度末残高。R7以降の個別公表資料とは定義・時点が異なる。,Stage1 standardized baseline; government_bonds not separately identifiable.
愛知県,230006,2023,2024-03-31,year_end_actual,prefecture_funds,STANDARDIZED_OFFICIAL,national_standardized,362174.752,,357725.591,4196.504,,4196.504,1.1586958993762215,,98.771543025727,,,,,,,,総務省 地方財政状況調査（都道府県分）・基金の状況等,https://www.e-stat.go.jp/stat-search/files?stat_infid=000040231750,STANDARDIZED,全国統一統計による年度末残高。R7以降の個別公表資料とは定義・時点が異なる。,Stage1 standardized baseline; government_bonds not separately identifiable.
三重県,240001,2023,2024-03-31,year_end_actual,prefecture_funds,STANDARDIZED_OFFICIAL,national_standardized,107532.002,,105416.415,2115.587,,2115.587,1.9674022250604055,,98.0325977749396,,,,,,,,総務省 地方財政状況調査（都道府県分）・基金の状況等,https://www.e-stat.go.jp/stat-search/files?stat_infid=000040231750,STANDARDIZED,全国統一統計による年度末残高。R7以降の個別公表資料とは定義・時点が異なる。,Stage1 standardized baseline; government_bonds not separately identifiable.
滋賀県,250007,2023,2024-03-31,year_end_actual,prefecture_funds,STANDARDIZED_OFFICIAL,national_standardized,92388.084,,89942.781,2276.591,,0.0,2.4641608543370155,,97.35322685120302,,,,,,,,総務省 地方財政状況調査（都道府県分）・基金の状況等,https://www.e-stat.go.jp/stat-search/files?stat_infid=000040231750,STANDARDIZED,全国統一統計による年度末残高。R7以降の個別公表資料とは定義・時点が異なる。,Stage1 standardized baseline; government_bonds not separately identifiable.
京都府,260002,2023,2024-03-31,year_end_actual,prefecture_funds,STANDARDIZED_OFFICIAL,national_standardized,27312.408,,25312.696,1999.712,,1200.0,7.321624662314652,,92.67837533768537,,,,,,,,総務省 地方財政状況調査（都道府県分）・基金の状況等,https://www.e-stat.go.jp/stat-search/files?stat_infid=000040231750,STANDARDIZED,全国統一統計による年度末残高。R7以降の個別公表資料とは定義・時点が異なる。,Stage1 standardized baseline; government_bonds not separately identifiable.
大阪府,270008,2023,2024-03-31,year_end_actual,prefecture_funds,STANDARDIZED_OFFICIAL,national_standardized,461714.712,,453957.238,5904.284,,2212.473,1.2787732005386043,,98.31985557349968,,,,,,,,総務省 地方財政状況調査（都道府県分）・基金の状況等,https://www.e-stat.go.jp/stat-search/files?stat_infid=000040231750,STANDARDIZED,全国統一統計による年度末残高。R7以降の個別公表資料とは定義・時点が異なる。,Stage1 standardized baseline; government_bonds not separately identifiable.
兵庫県,280003,2023,2024-03-31,year_end_actual,prefecture_funds,STANDARDIZED_OFFICIAL,national_standardized,131909.391,,124041.494,5638.0,,0.0,4.274146031043385,,94.03537766314152,,,,,,,,総務省 地方財政状況調査（都道府県分）・基金の状況等,https://www.e-stat.go.jp/stat-search/files?stat_infid=000040231750,STANDARDIZED,全国統一統計による年度末残高。R7以降の個別公表資料とは定義・時点が異なる。,Stage1 standardized baseline; government_bonds not separately identifiable.
奈良県,290009,2023,2024-03-31,year_end_actual,prefecture_funds,STANDARDIZED_OFFICIAL,national_standardized,187961.238,,153677.958,34200.0,,0.0,18.195240871950418,,81.76045212045263,,,,,,,,総務省 地方財政状況調査（都道府県分）・基金の状況等,https://www.e-stat.go.jp/stat-search/files?stat_infid=000040231750,STANDARDIZED,全国統一統計による年度末残高。R7以降の個別公表資料とは定義・時点が異なる。,Stage1 standardized baseline; government_bonds not separately identifiable.
和歌山県,300004,2023,2024-03-31,year_end_actual,prefecture_funds,STANDARDIZED_OFFICIAL,national_standardized,81509.951,,81509.951,0.0,,0.0,0.0,,100.0,,,,,,,,総務省 地方財政状況調査（都道府県分）・基金の状況等,https://www.e-stat.go.jp/stat-search/files?stat_infid=000040231750,STANDARDIZED,全国統一統計による年度末残高。R7以降の個別公表資料とは定義・時点が異なる。,Stage1 standardized baseline; government_bonds not separately identifiable.
鳥取県,310000,2023,2024-03-31,year_end_actual,prefecture_funds,STANDARDIZED_OFFICIAL,national_standardized,63541.566,,55084.168,8457.398,,8457.398,13.31002449640602,,86.68997550359397,,,,,,,,総務省 地方財政状況調査（都道府県分）・基金の状況等,https://www.e-stat.go.jp/stat-search/files?stat_infid=000040231750,STANDARDIZED,全国統一統計による年度末残高。R7以降の個別公表資料とは定義・時点が異なる。,Stage1 standardized baseline; government_bonds not separately identifiable.
島根県,320005,2023,2024-03-31,year_end_actual,prefecture_funds,STANDARDIZED_OFFICIAL,national_standardized,52691.446,,25428.032,27263.414,,3070.734,51.74163183906549,,48.25836816093451,,,,,,,,総務省 地方財政状況調査（都道府県分）・基金の状況等,https://www.e-stat.go.jp/stat-search/files?stat_infid=000040231750,STANDARDIZED,全国統一統計による年度末残高。R7以降の個別公表資料とは定義・時点が異なる。,Stage1 standardized baseline; government_bonds not separately identifiable.
岡山県,330001,2023,2024-03-31,year_end_actual,prefecture_funds,STANDARDIZED_OFFICIAL,national_standardized,106200.709,,93120.403,13080.306,,8564.638,12.316590089808155,,87.68340991019184,,,,,,,,総務省 地方財政状況調査（都道府県分）・基金の状況等,https://www.e-stat.go.jp/stat-search/files?stat_infid=000040231750,STANDARDIZED,全国統一統計による年度末残高。R7以降の個別公表資料とは定義・時点が異なる。,Stage1 standardized baseline; government_bonds not separately identifiable.
広島県,340006,2023,2024-03-31,year_end_actual,prefecture_funds,STANDARDIZED_OFFICIAL,national_standardized,161571.735,,160557.972,0.0,,0.0,0.0,,99.37256166742284,,,,,,,,総務省 地方財政状況調査（都道府県分）・基金の状況等,https://www.e-stat.go.jp/stat-search/files?stat_infid=000040231750,STANDARDIZED,全国統一統計による年度末残高。R7以降の個別公表資料とは定義・時点が異なる。,Stage1 standardized baseline; government_bonds not separately identifiable.
山口県,350001,2023,2024-03-31,year_end_actual,prefecture_funds,STANDARDIZED_OFFICIAL,national_standardized,74082.008,,74059.339,0.0,,0.0,0.0,,99.96940012749114,,,,,,,,総務省 地方財政状況調査（都道府県分）・基金の状況等,https://www.e-stat.go.jp/stat-search/files?stat_infid=000040231750,STANDARDIZED,全国統一統計による年度末残高。R7以降の個別公表資料とは定義・時点が異なる。,Stage1 standardized baseline; government_bonds not separately identifiable.
徳島県,360007,2023,2024-03-31,year_end_actual,prefecture_funds,STANDARDIZED_OFFICIAL,national_standardized,91128.578,,90376.601,706.514,,0.0,0.7752935637819347,,99.17481758576328,,,,,,,,総務省 地方財政状況調査（都道府県分）・基金の状況等,https://www.e-stat.go.jp/stat-search/files?stat_infid=000040231750,STANDARDIZED,全国統一統計による年度末残高。R7以降の個別公表資料とは定義・時点が異なる。,Stage1 standardized baseline; government_bonds not separately identifiable.
香川県,370002,2023,2024-03-31,year_end_actual,prefecture_funds,STANDARDIZED_OFFICIAL,national_standardized,79579.205,,79579.205,0.0,,0.0,0.0,,100.0,,,,,,,,総務省 地方財政状況調査（都道府県分）・基金の状況等,https://www.e-stat.go.jp/stat-search/files?stat_infid=000040231750,STANDARDIZED,全国統一統計による年度末残高。R7以降の個別公表資料とは定義・時点が異なる。,Stage1 standardized baseline; government_bonds not separately identifiable.
愛媛県,380008,2023,2024-03-31,year_end_actual,prefecture_funds,STANDARDIZED_OFFICIAL,national_standardized,129188.657,,127648.343,1540.314,,0.0,1.192298175218278,,98.80770182478172,,,,,,,,総務省 地方財政状況調査（都道府県分）・基金の状況等,https://www.e-stat.go.jp/stat-search/files?stat_infid=000040231750,STANDARDIZED,全国統一統計による年度末残高。R7以降の個別公表資料とは定義・時点が異なる。,Stage1 standardized baseline; government_bonds not separately identifiable.
高知県,390003,2023,2024-03-31,year_end_actual,prefecture_funds,STANDARDIZED_OFFICIAL,national_standardized,54292.15,,52793.355,1243.334,,0.0,2.290080610180293,,97.23938911978988,,,,,,,,総務省 地方財政状況調査（都道府県分）・基金の状況等,https://www.e-stat.go.jp/stat-search/files?stat_infid=000040231750,STANDARDIZED,全国統一統計による年度末残高。R7以降の個別公表資料とは定義・時点が異なる。,Stage1 standardized baseline; government_bonds not separately identifiable.
福岡県,400009,2023,2024-03-31,year_end_actual,prefecture_funds,STANDARDIZED_OFFICIAL,national_standardized,190048.194,,171481.082,18491.986,,3442.064,9.73015613081806,,90.23031389606363,,,,,,,,総務省 地方財政状況調査（都道府県分）・基金の状況等,https://www.e-stat.go.jp/stat-search/files?stat_infid=000040231750,STANDARDIZED,全国統一統計による年度末残高。R7以降の個別公表資料とは定義・時点が異なる。,Stage1 standardized baseline; government_bonds not separately identifiable.
佐賀県,410004,2023,2024-03-31,year_end_actual,prefecture_funds,STANDARDIZED_OFFICIAL,national_standardized,75455.768,,75404.032,0.0,,0.0,0.0,,99.9314353277804,,,,,,,,総務省 地方財政状況調査（都道府県分）・基金の状況等,https://www.e-stat.go.jp/stat-search/files?stat_infid=000040231750,STANDARDIZED,全国統一統計による年度末残高。R7以降の個別公表資料とは定義・時点が異なる。,Stage1 standardized baseline; government_bonds not separately identifiable.
長崎県,420000,2023,2024-03-31,year_end_actual,prefecture_funds,STANDARDIZED_OFFICIAL,national_standardized,100462.383,,53238.439,47223.944,,19360.28,47.00659350276412,,52.99340649723588,,,,,,,,総務省 地方財政状況調査（都道府県分）・基金の状況等,https://www.e-stat.go.jp/stat-search/files?stat_infid=000040231750,STANDARDIZED,全国統一統計による年度末残高。R7以降の個別公表資料とは定義・時点が異なる。,Stage1 standardized baseline; government_bonds not separately identifiable.
熊本県,430005,2023,2024-03-31,year_end_actual,prefecture_funds,STANDARDIZED_OFFICIAL,national_standardized,98950.021,,56550.731,42350.303,,22793.095,42.79969076509848,,57.1508024237812,,,,,,,,総務省 地方財政状況調査（都道府県分）・基金の状況等,https://www.e-stat.go.jp/stat-search/files?stat_infid=000040231750,STANDARDIZED,全国統一統計による年度末残高。R7以降の個別公表資料とは定義・時点が異なる。,Stage1 standardized baseline; government_bonds not separately identifiable.
大分県,440001,2023,2024-03-31,year_end_actual,prefecture_funds,STANDARDIZED_OFFICIAL,national_standardized,84038.129,,42145.232,41615.833,,0.0,49.52018029815966,,50.15013125768186,,,,,,,,総務省 地方財政状況調査（都道府県分）・基金の状況等,https://www.e-stat.go.jp/stat-search/files?stat_infid=000040231750,STANDARDIZED,全国統一統計による年度末残高。R7以降の個別公表資料とは定義・時点が異なる。,Stage1 standardized baseline; government_bonds not separately identifiable.
宮崎県,450006,2023,2024-03-31,year_end_actual,prefecture_funds,STANDARDIZED_OFFICIAL,national_standardized,142171.009,,123158.019,18875.165,,900.0,13.27638112211752,,86.62667576622461,,,,,,,,総務省 地方財政状況調査（都道府県分）・基金の状況等,https://www.e-stat.go.jp/stat-search/files?stat_infid=000040231750,STANDARDIZED,全国統一統計による年度末残高。R7以降の個別公表資料とは定義・時点が異なる。,Stage1 standardized baseline; government_bonds not separately identifiable.
鹿児島県,460001,2023,2024-03-31,year_end_actual,prefecture_funds,STANDARDIZED_OFFICIAL,national_standardized,106871.884,,94416.904,12422.422,,11338.605,11.623657724607906,,88.34587776145126,,,,,,,,総務省 地方財政状況調査（都道府県分）・基金の状況等,https://www.e-stat.go.jp/stat-search/files?stat_infid=000040231750,STANDARDIZED,全国統一統計による年度末残高。R7以降の個別公表資料とは定義・時点が異なる。,Stage1 standardized baseline; government_bonds not separately identifiable.
沖縄県,470007,2023,2024-03-31,year_end_actual,prefecture_funds,STANDARDIZED_OFFICIAL,national_standardized,160575.286,,151308.036,9267.25,,5558.717,5.771280394917061,,94.22871960508292,,,,,,,,総務省 地方財政状況調査（都道府県分）・基金の状況等,https://www.e-stat.go.jp/stat-search/files?stat_infid=000040231750,STANDARDIZED,全国統一統計による年度末残高。R7以降の個別公表資料とは定義・時点が異なる。,Stage1 standardized baseline; government_bonds not separately identifiable.
北海道,10006,2024,2025-03-31,year_end_actual,prefecture_funds,STANDARDIZED_OFFICIAL,national_standardized,154493.159,,148003.159,6490.0,,0.0,4.200833255018107,,95.79916674498187,,,,,,,,総務省 地方財政状況調査（都道府県分）・基金の状況等,https://www.e-stat.go.jp/stat-search/files?stat_infid=000040374310,STANDARDIZED,全国統一統計による年度末残高。R7以降の個別公表資料とは定義・時点が異なる。,Stage1 standardized baseline; government_bonds not separately identifiable.
青森県,20001,2024,2025-03-31,year_end_actual,prefecture_funds,STANDARDIZED_OFFICIAL,national_standardized,162177.973,,158836.387,3245.0,,3245.0,2.0008882463958284,,97.93955619361452,,,,,,,,総務省 地方財政状況調査（都道府県分）・基金の状況等,https://www.e-stat.go.jp/stat-search/files?stat_infid=000040374310,STANDARDIZED,全国統一統計による年度末残高。R7以降の個別公表資料とは定義・時点が異なる。,Stage1 standardized baseline; government_bonds not separately identifiable.
岩手県,30007,2024,2025-03-31,year_end_actual,prefecture_funds,STANDARDIZED_OFFICIAL,national_standardized,113670.327,,0.0,15012.076,,4140.0,13.206679699267513,,0.0,,,,,,,,総務省 地方財政状況調査（都道府県分）・基金の状況等,https://www.e-stat.go.jp/stat-search/files?stat_infid=000040374310,STANDARDIZED,全国統一統計による年度末残高。R7以降の個別公表資料とは定義・時点が異なる。,Stage1 standardized baseline; government_bonds not separately identifiable.
宮城県,40002,2024,2025-03-31,year_end_actual,prefecture_funds,STANDARDIZED_OFFICIAL,national_standardized,180804.616,,162639.322,18165.294,,974.958,10.046919377323862,,89.95308062267613,,,,,,,,総務省 地方財政状況調査（都道府県分）・基金の状況等,https://www.e-stat.go.jp/stat-search/files?stat_infid=000040374310,STANDARDIZED,全国統一統計による年度末残高。R7以降の個別公表資料とは定義・時点が異なる。,Stage1 standardized baseline; government_bonds not separately identifiable.
秋田県,50008,2024,2025-03-31,year_end_actual,prefecture_funds,STANDARDIZED_OFFICIAL,national_standardized,74436.862,,67528.977,6650.0,,650.0,8.933745756235668,,90.71980627017837,,,,,,,,総務省 地方財政状況調査（都道府県分）・基金の状況等,https://www.e-stat.go.jp/stat-search/files?stat_infid=000040374310,STANDARDIZED,全国統一統計による年度末残高。R7以降の個別公表資料とは定義・時点が異なる。,Stage1 standardized baseline; government_bonds not separately identifiable.
山形県,60003,2024,2025-03-31,year_end_actual,prefecture_funds,STANDARDIZED_OFFICIAL,national_standardized,58753.508,,56522.6,2204.756,,0.0,3.7525521029314537,,96.20293651231854,,,,,,,,総務省 地方財政状況調査（都道府県分）・基金の状況等,https://www.e-stat.go.jp/stat-search/files?stat_infid=000040374310,STANDARDIZED,全国統一統計による年度末残高。R7以降の個別公表資料とは定義・時点が異なる。,Stage1 standardized baseline; government_bonds not separately identifiable.
福島県,70009,2024,2025-03-31,year_end_actual,prefecture_funds,STANDARDIZED_OFFICIAL,national_standardized,506894.144,,424285.198,82483.065,,4899.223,16.272246577778578,,83.70291963759597,,,,,,,,総務省 地方財政状況調査（都道府県分）・基金の状況等,https://www.e-stat.go.jp/stat-search/files?stat_infid=000040374310,STANDARDIZED,全国統一統計による年度末残高。R7以降の個別公表資料とは定義・時点が異なる。,Stage1 standardized baseline; government_bonds not separately identifiable.
茨城県,80004,2024,2025-03-31,year_end_actual,prefecture_funds,STANDARDIZED_OFFICIAL,national_standardized,232513.124,,232320.129,0.0,,0.0,0.0,,99.91699608319745,,,,,,,,総務省 地方財政状況調査（都道府県分）・基金の状況等,https://www.e-stat.go.jp/stat-search/files?stat_infid=000040374310,STANDARDIZED,全国統一統計による年度末残高。R7以降の個別公表資料とは定義・時点が異なる。,Stage1 standardized baseline; government_bonds not separately identifiable.
栃木県,90000,2024,2025-03-31,year_end_actual,prefecture_funds,STANDARDIZED_OFFICIAL,national_standardized,114068.361,,102238.231,11536.689,,6390.0,10.113837788902744,,89.62891208720005,,,,,,,,総務省 地方財政状況調査（都道府県分）・基金の状況等,https://www.e-stat.go.jp/stat-search/files?stat_infid=000040374310,STANDARDIZED,全国統一統計による年度末残高。R7以降の個別公表資料とは定義・時点が異なる。,Stage1 standardized baseline; government_bonds not separately identifiable.
群馬県,100005,2024,2025-03-31,year_end_actual,prefecture_funds,STANDARDIZED_OFFICIAL,national_standardized,123062.568,,120995.401,1996.961,,1696.961,1.622720078456351,,98.32023089263016,,,,,,,,総務省 地方財政状況調査（都道府県分）・基金の状況等,https://www.e-stat.go.jp/stat-search/files?stat_infid=000040374310,STANDARDIZED,全国統一統計による年度末残高。R7以降の個別公表資料とは定義・時点が異なる。,Stage1 standardized baseline; government_bonds not separately identifiable.
埼玉県,110001,2024,2025-03-31,year_end_actual,prefecture_funds,STANDARDIZED_OFFICIAL,national_standardized,299195.853,,111034.465,188161.388,,184919.858,62.889036099039785,,37.110963900960215,,,,,,,,総務省 地方財政状況調査（都道府県分）・基金の状況等,https://www.e-stat.go.jp/stat-search/files?stat_infid=000040374310,STANDARDIZED,全国統一統計による年度末残高。R7以降の個別公表資料とは定義・時点が異なる。,Stage1 standardized baseline; government_bonds not separately identifiable.
千葉県,120006,2024,2025-03-31,year_end_actual,prefecture_funds,STANDARDIZED_OFFICIAL,national_standardized,434114.127,,434014.127,100.0,,0.0,0.0230354171358261,,99.97696458286416,,,,,,,,総務省 地方財政状況調査（都道府県分）・基金の状況等,https://www.e-stat.go.jp/stat-search/files?stat_infid=000040374310,STANDARDIZED,全国統一統計による年度末残高。R7以降の個別公表資料とは定義・時点が異なる。,Stage1 standardized baseline; government_bonds not separately identifiable.
東京都,130001,2024,2025-03-31,year_end_actual,prefecture_funds,STANDARDIZED_OFFICIAL,national_standardized,2528117.913,,2176492.768,245686.957,,0.0,9.718176345202773,,86.0914262269222,,,,,,,,総務省 地方財政状況調査（都道府県分）・基金の状況等,https://www.e-stat.go.jp/stat-search/files?stat_infid=000040374310,STANDARDIZED,全国統一統計による年度末残高。R7以降の個別公表資料とは定義・時点が異なる。,Stage1 standardized baseline; government_bonds not separately identifiable.
神奈川県,140007,2024,2025-03-31,year_end_actual,prefecture_funds,STANDARDIZED_OFFICIAL,national_standardized,399360.685,,381752.702,17395.809,,17395.809,4.3559142533021245,,95.59095733221712,,,,,,,,総務省 地方財政状況調査（都道府県分）・基金の状況等,https://www.e-stat.go.jp/stat-search/files?stat_infid=000040374310,STANDARDIZED,全国統一統計による年度末残高。R7以降の個別公表資料とは定義・時点が異なる。,Stage1 standardized baseline; government_bonds not separately identifiable.
新潟県,150002,2024,2025-03-31,year_end_actual,prefecture_funds,STANDARDIZED_OFFICIAL,national_standardized,135045.321,,132005.087,2961.403,,420.0,2.1928956724091164,,97.74873059096952,,,,,,,,総務省 地方財政状況調査（都道府県分）・基金の状況等,https://www.e-stat.go.jp/stat-search/files?stat_infid=000040374310,STANDARDIZED,全国統一統計による年度末残高。R7以降の個別公表資料とは定義・時点が異なる。,Stage1 standardized baseline; government_bonds not separately identifiable.
富山県,160008,2024,2025-03-31,year_end_actual,prefecture_funds,STANDARDIZED_OFFICIAL,national_standardized,63471.192,,57982.578,5365.132,,560.0,8.452861575374225,,91.35259032160606,,,,,,,,総務省 地方財政状況調査（都道府県分）・基金の状況等,https://www.e-stat.go.jp/stat-search/files?stat_infid=000040374310,STANDARDIZED,全国統一統計による年度末残高。R7以降の個別公表資料とは定義・時点が異なる。,Stage1 standardized baseline; government_bonds not separately identifiable.
石川県,170003,2024,2025-03-31,year_end_actual,prefecture_funds,STANDARDIZED_OFFICIAL,national_standardized,267675.274,,267005.94,10.029,,0.0,0.0037467039260413,,99.74994552541304,,,,,,,,総務省 地方財政状況調査（都道府県分）・基金の状況等,https://www.e-stat.go.jp/stat-search/files?stat_infid=000040374310,STANDARDIZED,全国統一統計による年度末残高。R7以降の個別公表資料とは定義・時点が異なる。,Stage1 standardized baseline; government_bonds not separately identifiable.
福井県,180009,2024,2025-03-31,year_end_actual,prefecture_funds,STANDARDIZED_OFFICIAL,national_standardized,43509.865,,42609.865,900.0,,0.0,2.0684964202945704,,97.93150357970542,,,,,,,,総務省 地方財政状況調査（都道府県分）・基金の状況等,https://www.e-stat.go.jp/stat-search/files?stat_infid=000040374310,STANDARDIZED,全国統一統計による年度末残高。R7以降の個別公表資料とは定義・時点が異なる。,Stage1 standardized baseline; government_bonds not separately identifiable.
山梨県,190004,2024,2025-03-31,year_end_actual,prefecture_funds,STANDARDIZED_OFFICIAL,national_standardized,100686.08,,67384.011,33302.069,,1800.0,33.075147031248015,,66.92485296875198,,,,,,,,総務省 地方財政状況調査（都道府県分）・基金の状況等,https://www.e-stat.go.jp/stat-search/files?stat_infid=000040374310,STANDARDIZED,全国統一統計による年度末残高。R7以降の個別公表資料とは定義・時点が異なる。,Stage1 standardized baseline; government_bonds not separately identifiable.
長野県,200000,2024,2025-03-31,year_end_actual,prefecture_funds,STANDARDIZED_OFFICIAL,national_standardized,146559.31,,140086.015,6419.927,,4119.927,4.38042932925926,,95.58315674384656,,,,,,,,総務省 地方財政状況調査（都道府県分）・基金の状況等,https://www.e-stat.go.jp/stat-search/files?stat_infid=000040374310,STANDARDIZED,全国統一統計による年度末残高。R7以降の個別公表資料とは定義・時点が異なる。,Stage1 standardized baseline; government_bonds not separately identifiable.
岐阜県,210005,2024,2025-03-31,year_end_actual,prefecture_funds,STANDARDIZED_OFFICIAL,national_standardized,104932.751,,87936.037,16996.714,,11863.026,16.197720766893838,,83.80227923310616,,,,,,,,総務省 地方財政状況調査（都道府県分）・基金の状況等,https://www.e-stat.go.jp/stat-search/files?stat_infid=000040374310,STANDARDIZED,全国統一統計による年度末残高。R7以降の個別公表資料とは定義・時点が異なる。,Stage1 standardized baseline; government_bonds not separately identifiable.
静岡県,220001,2024,2025-03-31,year_end_actual,prefecture_funds,STANDARDIZED_OFFICIAL,national_standardized,134484.874,,103835.74,30649.134,,19396.22,22.790023211086176,,77.20997678891382,,,,,,,,総務省 地方財政状況調査（都道府県分）・基金の状況等,https://www.e-stat.go.jp/stat-search/files?stat_infid=000040374310,STANDARDIZED,全国統一統計による年度末残高。R7以降の個別公表資料とは定義・時点が異なる。,Stage1 standardized baseline; government_bonds not separately identifiable.
愛知県,230006,2024,2025-03-31,year_end_actual,prefecture_funds,STANDARDIZED_OFFICIAL,national_standardized,508506.815,,504031.713,4196.504,,4196.504,0.8252601295028857,,99.1199524041777,,,,,,,,総務省 地方財政状況調査（都道府県分）・基金の状況等,https://www.e-stat.go.jp/stat-search/files?stat_infid=000040374310,STANDARDIZED,全国統一統計による年度末残高。R7以降の個別公表資料とは定義・時点が異なる。,Stage1 standardized baseline; government_bonds not separately identifiable.
三重県,240001,2024,2025-03-31,year_end_actual,prefecture_funds,STANDARDIZED_OFFICIAL,national_standardized,118416.029,,115992.335,2423.694,,2423.694,2.046761760605906,,97.9532382393941,,,,,,,,総務省 地方財政状況調査（都道府県分）・基金の状況等,https://www.e-stat.go.jp/stat-search/files?stat_infid=000040374310,STANDARDIZED,全国統一統計による年度末残高。R7以降の個別公表資料とは定義・時点が異なる。,Stage1 standardized baseline; government_bonds not separately identifiable.
滋賀県,250007,2024,2025-03-31,year_end_actual,prefecture_funds,STANDARDIZED_OFFICIAL,national_standardized,94893.134,,91579.046,3145.084,,0.0,3.314343058792852,,96.50755764900757,,,,,,,,総務省 地方財政状況調査（都道府県分）・基金の状況等,https://www.e-stat.go.jp/stat-search/files?stat_infid=000040374310,STANDARDIZED,全国統一統計による年度末残高。R7以降の個別公表資料とは定義・時点が異なる。,Stage1 standardized baseline; government_bonds not separately identifiable.
京都府,260002,2024,2025-03-31,year_end_actual,prefecture_funds,STANDARDIZED_OFFICIAL,national_standardized,40942.949,,39742.949,1200.0,,1200.0,2.930907590462036,,97.06909240953796,,,,,,,,総務省 地方財政状況調査（都道府県分）・基金の状況等,https://www.e-stat.go.jp/stat-search/files?stat_infid=000040374310,STANDARDIZED,全国統一統計による年度末残高。R7以降の個別公表資料とは定義・時点が異なる。,Stage1 standardized baseline; government_bonds not separately identifiable.
大阪府,270008,2024,2025-03-31,year_end_actual,prefecture_funds,STANDARDIZED_OFFICIAL,national_standardized,492472.474,,485477.235,4996.836,,1521.832,1.0146426985886727,,98.579567515077,,,,,,,,総務省 地方財政状況調査（都道府県分）・基金の状況等,https://www.e-stat.go.jp/stat-search/files?stat_infid=000040374310,STANDARDIZED,全国統一統計による年度末残高。R7以降の個別公表資料とは定義・時点が異なる。,Stage1 standardized baseline; government_bonds not separately identifiable.
兵庫県,280003,2024,2025-03-31,year_end_actual,prefecture_funds,STANDARDIZED_OFFICIAL,national_standardized,122663.096,,115079.856,5301.0,,0.0,4.321593187245168,,93.81783091468684,,,,,,,,総務省 地方財政状況調査（都道府県分）・基金の状況等,https://www.e-stat.go.jp/stat-search/files?stat_infid=000040374310,STANDARDIZED,全国統一統計による年度末残高。R7以降の個別公表資料とは定義・時点が異なる。,Stage1 standardized baseline; government_bonds not separately identifiable.
奈良県,290009,2024,2025-03-31,year_end_actual,prefecture_funds,STANDARDIZED_OFFICIAL,national_standardized,185826.454,,141533.101,44200.0,,0.0,23.7856338796628,,76.16412946242842,,,,,,,,総務省 地方財政状況調査（都道府県分）・基金の状況等,https://www.e-stat.go.jp/stat-search/files?stat_infid=000040374310,STANDARDIZED,全国統一統計による年度末残高。R7以降の個別公表資料とは定義・時点が異なる。,Stage1 standardized baseline; government_bonds not separately identifiable.
和歌山県,300004,2024,2025-03-31,year_end_actual,prefecture_funds,STANDARDIZED_OFFICIAL,national_standardized,82457.827,,82457.827,0.0,,0.0,0.0,,100.0,,,,,,,,総務省 地方財政状況調査（都道府県分）・基金の状況等,https://www.e-stat.go.jp/stat-search/files?stat_infid=000040374310,STANDARDIZED,全国統一統計による年度末残高。R7以降の個別公表資料とは定義・時点が異なる。,Stage1 standardized baseline; government_bonds not separately identifiable.
鳥取県,310000,2024,2025-03-31,year_end_actual,prefecture_funds,STANDARDIZED_OFFICIAL,national_standardized,61466.029,,53174.327,8291.702,,8291.702,13.489893742769684,,86.51010625723032,,,,,,,,総務省 地方財政状況調査（都道府県分）・基金の状況等,https://www.e-stat.go.jp/stat-search/files?stat_infid=000040374310,STANDARDIZED,全国統一統計による年度末残高。R7以降の個別公表資料とは定義・時点が異なる。,Stage1 standardized baseline; government_bonds not separately identifiable.
島根県,320005,2024,2025-03-31,year_end_actual,prefecture_funds,STANDARDIZED_OFFICIAL,national_standardized,53895.939,,23640.256,30255.683,,3712.519,56.13722213838784,,43.86277786161217,,,,,,,,総務省 地方財政状況調査（都道府県分）・基金の状況等,https://www.e-stat.go.jp/stat-search/files?stat_infid=000040374310,STANDARDIZED,全国統一統計による年度末残高。R7以降の個別公表資料とは定義・時点が異なる。,Stage1 standardized baseline; government_bonds not separately identifiable.
岡山県,330001,2024,2025-03-31,year_end_actual,prefecture_funds,STANDARDIZED_OFFICIAL,national_standardized,109646.5,,96152.41,13494.09,,7722.338,12.30690446115471,,87.69309553884528,,,,,,,,総務省 地方財政状況調査（都道府県分）・基金の状況等,https://www.e-stat.go.jp/stat-search/files?stat_infid=000040374310,STANDARDIZED,全国統一統計による年度末残高。R7以降の個別公表資料とは定義・時点が異なる。,Stage1 standardized baseline; government_bonds not separately identifiable.
広島県,340006,2024,2025-03-31,year_end_actual,prefecture_funds,STANDARDIZED_OFFICIAL,national_standardized,162544.074,,161516.745,0.0,,0.0,0.0,,99.36796896083705,,,,,,,,総務省 地方財政状況調査（都道府県分）・基金の状況等,https://www.e-stat.go.jp/stat-search/files?stat_infid=000040374310,STANDARDIZED,全国統一統計による年度末残高。R7以降の個別公表資料とは定義・時点が異なる。,Stage1 standardized baseline; government_bonds not separately identifiable.
山口県,350001,2024,2025-03-31,year_end_actual,prefecture_funds,STANDARDIZED_OFFICIAL,national_standardized,91210.479,,91187.81,0.0,,0.0,0.0,,99.97514649605117,,,,,,,,総務省 地方財政状況調査（都道府県分）・基金の状況等,https://www.e-stat.go.jp/stat-search/files?stat_infid=000040374310,STANDARDIZED,全国統一統計による年度末残高。R7以降の個別公表資料とは定義・時点が異なる。,Stage1 standardized baseline; government_bonds not separately identifiable.
徳島県,360007,2024,2025-03-31,year_end_actual,prefecture_funds,STANDARDIZED_OFFICIAL,national_standardized,98148.121,,97394.347,706.514,,0.0,0.7198446519419358,,99.2320036366259,,,,,,,,総務省 地方財政状況調査（都道府県分）・基金の状況等,https://www.e-stat.go.jp/stat-search/files?stat_infid=000040374310,STANDARDIZED,全国統一統計による年度末残高。R7以降の個別公表資料とは定義・時点が異なる。,Stage1 standardized baseline; government_bonds not separately identifiable.
香川県,370002,2024,2025-03-31,year_end_actual,prefecture_funds,STANDARDIZED_OFFICIAL,national_standardized,82111.452,,82111.452,0.0,,0.0,0.0,,100.0,,,,,,,,総務省 地方財政状況調査（都道府県分）・基金の状況等,https://www.e-stat.go.jp/stat-search/files?stat_infid=000040374310,STANDARDIZED,全国統一統計による年度末残高。R7以降の個別公表資料とは定義・時点が異なる。,Stage1 standardized baseline; government_bonds not separately identifiable.
愛媛県,380008,2024,2025-03-31,year_end_actual,prefecture_funds,STANDARDIZED_OFFICIAL,national_standardized,130227.675,,128687.361,1540.314,,0.0,1.182785456317177,,98.81721454368282,,,,,,,,総務省 地方財政状況調査（都道府県分）・基金の状況等,https://www.e-stat.go.jp/stat-search/files?stat_infid=000040374310,STANDARDIZED,全国統一統計による年度末残高。R7以降の個別公表資料とは定義・時点が異なる。,Stage1 standardized baseline; government_bonds not separately identifiable.
高知県,390003,2024,2025-03-31,year_end_actual,prefecture_funds,STANDARDIZED_OFFICIAL,national_standardized,52859.829,,50303.998,2279.307,,0.0,4.311983302102624,,95.16488976912883,,,,,,,,総務省 地方財政状況調査（都道府県分）・基金の状況等,https://www.e-stat.go.jp/stat-search/files?stat_infid=000040374310,STANDARDIZED,全国統一統計による年度末残高。R7以降の個別公表資料とは定義・時点が異なる。,Stage1 standardized baseline; government_bonds not separately identifiable.
福岡県,400009,2024,2025-03-31,year_end_actual,prefecture_funds,STANDARDIZED_OFFICIAL,national_standardized,181146.901,,162777.638,18291.986,,3432.064,10.09787410053457,,89.85946604739321,,,,,,,,総務省 地方財政状況調査（都道府県分）・基金の状況等,https://www.e-stat.go.jp/stat-search/files?stat_infid=000040374310,STANDARDIZED,全国統一統計による年度末残高。R7以降の個別公表資料とは定義・時点が異なる。,Stage1 standardized baseline; government_bonds not separately identifiable.
佐賀県,410004,2024,2025-03-31,year_end_actual,prefecture_funds,STANDARDIZED_OFFICIAL,national_standardized,64053.631,,64002.464,0.0,,0.0,0.0,,99.9201185019472,,,,,,,,総務省 地方財政状況調査（都道府県分）・基金の状況等,https://www.e-stat.go.jp/stat-search/files?stat_infid=000040374310,STANDARDIZED,全国統一統計による年度末残高。R7以降の個別公表資料とは定義・時点が異なる。,Stage1 standardized baseline; government_bonds not separately identifiable.
長崎県,420000,2024,2025-03-31,year_end_actual,prefecture_funds,STANDARDIZED_OFFICIAL,national_standardized,98954.941,,43452.355,55502.586,,17210.724,56.08874649321452,,43.91125350678548,,,,,,,,総務省 地方財政状況調査（都道府県分）・基金の状況等,https://www.e-stat.go.jp/stat-search/files?stat_infid=000040374310,STANDARDIZED,全国統一統計による年度末残高。R7以降の個別公表資料とは定義・時点が異なる。,Stage1 standardized baseline; government_bonds not separately identifiable.
熊本県,430005,2024,2025-03-31,year_end_actual,prefecture_funds,STANDARDIZED_OFFICIAL,national_standardized,104685.53,,60336.719,44299.619,,26191.199,42.31685028484834,,57.63615945775887,,,,,,,,総務省 地方財政状況調査（都道府県分）・基金の状況等,https://www.e-stat.go.jp/stat-search/files?stat_infid=000040374310,STANDARDIZED,全国統一統計による年度末残高。R7以降の個別公表資料とは定義・時点が異なる。,Stage1 standardized baseline; government_bonds not separately identifiable.
大分県,440001,2024,2025-03-31,year_end_actual,prefecture_funds,STANDARDIZED_OFFICIAL,national_standardized,83893.701,,39835.182,43596.199,,0.0,51.96599801932686,,47.48292365835666,,,,,,,,総務省 地方財政状況調査（都道府県分）・基金の状況等,https://www.e-stat.go.jp/stat-search/files?stat_infid=000040374310,STANDARDIZED,全国統一統計による年度末残高。R7以降の個別公表資料とは定義・時点が異なる。,Stage1 standardized baseline; government_bonds not separately identifiable.
宮崎県,450006,2024,2025-03-31,year_end_actual,prefecture_funds,STANDARDIZED_OFFICIAL,national_standardized,138925.635,,90254.887,48533.237,,727.636,34.93468789975299,,64.96633036804187,,,,,,,,総務省 地方財政状況調査（都道府県分）・基金の状況等,https://www.e-stat.go.jp/stat-search/files?stat_infid=000040374310,STANDARDIZED,全国統一統計による年度末残高。R7以降の個別公表資料とは定義・時点が異なる。,Stage1 standardized baseline; government_bonds not separately identifiable.
鹿児島県,460001,2024,2025-03-31,year_end_actual,prefecture_funds,STANDARDIZED_OFFICIAL,national_standardized,127066.077,,108692.164,18341.222,,17257.404,14.434396994880077,,85.53987544606417,,,,,,,,総務省 地方財政状況調査（都道府県分）・基金の状況等,https://www.e-stat.go.jp/stat-search/files?stat_infid=000040374310,STANDARDIZED,全国統一統計による年度末残高。R7以降の個別公表資料とは定義・時点が異なる。,Stage1 standardized baseline; government_bonds not separately identifiable.
沖縄県,470007,2024,2025-03-31,year_end_actual,prefecture_funds,STANDARDIZED_OFFICIAL,national_standardized,168161.949,,158763.699,9398.25,,5389.717,5.588808916576009,,94.411191083424,,,,,,,,総務省 地方財政状況調査（都道府県分）・基金の状況等,https://www.e-stat.go.jp/stat-search/files?stat_infid=000040374310,STANDARDIZED,全国統一統計による年度末残高。R7以降の個別公表資料とは定義・時点が異なる。,Stage1 standardized baseline; government_bonds not separately identifiable.
北海道,10006,2025,,policy_only,prefecture_funds,PARTIAL_OFFICIAL,prefecture_public_policy,,,,,,,,,,,,,,,,,令和7年度 北海道決算審査意見書・基金運用状況審査意見書（案内ページ）,https://www.pref.hokkaido.lg.jp/kj/skk/71795.html,D,R7決算審査資料は公表済みだが、本調査で必要な基金全体の債券残高・国債残高・利回りを統一的に確認できず。,決算審査等意見書の公開を確認。個別の定額運用基金審査と基金全体ポートフォリオは区別が必要。
北海道,10006,2026,,policy_only,prefecture_funds,SEARCHED_NOT_FOUND,public_data_gap,,,,,,,,,,,,,,,,,北海道監査委員 決算審査等意見書,https://www.pref.hokkaido.lg.jp/kj/skk/71795.html,D,R8年度途中の基金運用ポートフォリオ公表を確認できず。,「見つからない」を「存在しない」とは扱わない。
青森県,20001,2025,,year_end_actual,prefecture_funds,PARTIAL_OFFICIAL,prefecture_public_actual,,,,,,,,,,,,,,,,,青森県の決算について（一般会計及び特別会計）,https://www.pref.aomori.lg.jp/soshiki/suito/keiri/kessan_main.html,D,R7決算公表を確認したが、基金全体の運用商品の内訳・利回り等の比較可能な運用表は本調査では確認できず。,R7決算自体は公開済み。
青森県,20001,2026,,unknown,prefecture_funds,SEARCHED_NOT_FOUND,public_data_gap,,,,,,,,,,,,,,,,,青森県 会計管理課・決算ページ,https://www.pref.aomori.lg.jp/soshiki/suito/keiri/kessan_main.html,D,公式サイトをR7/R8、公金運用、基金運用、債券、国債等の語で検索したが、当該年度の比較可能な数値資料を確認できず。,「見つからない」を「存在しない」とは扱わない。
岩手県,30007,2025,,annual_plan,prefecture_funds,PARTIAL_OFFICIAL,prefecture_public_plan,,,,,,,,,,,,0.29,,,,,岩手県議会会議録（資金運用による歳入確保）,https://www3.pref.iwate.jp/gikai/user/www/Zenbun/page/350/1164174/1164244,D,R7見込み利回り0.29%は確認できるが、基金全体の平均残高・債券残高の確定実績は未確認。,"基金残高は答弁中「1,300億円を超える」。確定値ではないため数値列には入れていない。"
岩手県,30007,2026,,policy_only,prefecture_funds,PARTIAL_OFFICIAL,prefecture_public_policy,,,,,,,,,,,,,,,,,岩手県議会会議録（資金運用による歳入確保）,https://www3.pref.iwate.jp/gikai/user/www/Zenbun/page/350/1164174/1164244,D,方針変更は確認できるがR8数値は未確認。,「見つからない」を「存在しない」とは扱わない。
宮城県,40002,2025,,policy_only,prefecture_funds,PARTIAL_OFFICIAL,prefecture_public_policy,,,,,,,,,,,,,,,,,基金運用における投資表明について,https://www.pref.miyagi.jp/soshiki/kaishi/toshi-hyomei2.html,D,長期運用可能資金の一部で債券購入を行い、基金で債券を保有していることは公式確認。基金全体の債券残高・利回り等は未確認。,投資表明等の運用方針情報はある。
宮城県,40002,2026,,policy_only,prefecture_funds,PARTIAL_OFFICIAL,prefecture_public_policy,,,,,,,,,,,,,,,,,宮城県 出納管理課,https://www.pref.miyagi.jp/soshiki/kaishi/index.html,D,長期運用可能基金で債券投資を行う方針は確認できるがR8数値なし。,「見つからない」を「存在しない」とは扱わない。
秋田県,50008,2025,,policy_only,prefecture_funds,PARTIAL_OFFICIAL,prefecture_public_policy,,,,,,,,,,,,,,,,,行財政運営方針,https://www.pref.akita.lg.jp/uploads/public/archive_0000094309_00/%E8%A1%8C%E8%B2%A1%E6%94%BF%E9%81%8B%E5%96%B6%E6%96%B9%E9%87%9D.pdf,D,債券運用拡大の方針は確認できるが、R7基金全体の債券残高・利回り等は未確認。,「見つからない」を「存在しない」とは扱わない。
秋田県,50008,2026,,policy_only,prefecture_funds,PARTIAL_OFFICIAL,prefecture_public_policy,,,,,,,,,,,,,,,,,行財政運営方針,https://www.pref.akita.lg.jp/uploads/public/archive_0000094309_00/%E8%A1%8C%E8%B2%A1%E6%94%BF%E9%81%8B%E5%96%B6%E6%96%B9%E9%87%9D.pdf,D,公式サイトをR7/R8、公金運用、基金運用、債券、国債等の語で検索したが、当該年度の比較可能な数値資料を確認できず。,「見つからない」を「存在しない」とは扱わない。
山形県,60003,2025,,year_end_actual,prefecture_funds,PARTIAL_OFFICIAL,prefecture_public_actual,,,,,,,,,,,,,,,,,財政状況の公表のページ（令和8年6月公表）,https://www.pref.yamagata.jp/020004/kensei/zaisei/kessan/zaiseijyoukyoukouhyou.html,D,基金状況の公表は確認できるが、基金全体の運用商品別残高・利回りを比較できる専用実績表は本調査では確認できず。,「見つからない」を「存在しない」とは扱わない。
山形県,60003,2026,,policy_only,prefecture_funds,PARTIAL_OFFICIAL,prefecture_public_policy,,,,,,,,,,,,,,,,,山形県 公金・基金管理関係公表資料,https://www.pref.yamagata.jp/020004/kensei/zaisei/kessan/zaiseijyoukyoukouhyou.html,D,年間基金計画・長期見通し・運用商品選定等の管理枠組みは確認、R8数値は未確認。,「見つからない」を「存在しない」とは扱わない。
福島県,70009,2025,2026-03-31,annual_actual,prefecture_funds,NUMERIC_OFFICIAL,prefecture_public_actual,,560678.049315,420042.980822,140635.068493,,,25.083034490973706,,74.9169655090263,,1629.896989,0.29070105223332754,0.386,0.259,,,福島県 公金の管理・運用状況,https://www.pref.fukushima.lg.jp/sec/55015a/koukin.html,B,基金の預金・債券平均残高、各利回り、運用収入まで比較可能。年限情報は当該実績表では未確認。,基金現金は一括運用の定期預金、債券は別管理として掲載。
福島県,70009,2026,,policy_only,prefecture_funds,PARTIAL_OFFICIAL,prefecture_public_policy,,,,,,,,,,,,,,,,,福島県 公金の管理・運用状況,https://www.pref.fukushima.lg.jp/sec/55015a/koukin.html,B,R7年間実績は詳細だが、R8年度途中の数値実績は本調査では確認できず。,「見つからない」を「存在しない」とは扱わない。
茨城県,80004,2025,,annual_plan,prefecture_funds,NUMERIC_OFFICIAL_PLAN,prefecture_public_plan,,261700,,,,,,,,1402,,0.536,,,,,令和8年度資金管理方針,https://www.pref.ibaraki.jp/somu/zaisei/kanri/documents/r8shikinkanrihoushin.pdf,D,R7欄は見込み値。平均残高・利回り・収入はあるが債券残高の実績値は未確認。,R7は確定実績ではなく見込み。ランキングには使用しない。
茨城県,80004,2026,,annual_plan,prefecture_funds,PARTIAL_OFFICIAL,prefecture_public_plan,,,,,,,,,,,,,,,,,令和8年度資金管理方針,https://www.pref.ibaraki.jp/somu/zaisei/kanri/documents/r8shikinkanrihoushin.pdf,D,R8方針は明確だが本調査で年度途中実績数値は未確認。,「見つからない」を「存在しない」とは扱わない。
栃木県,90000,2025,,unknown,prefecture_funds,SEARCHED_NOT_FOUND,public_data_gap,,,,,,,,,,,,,,,,,栃木県 公金運用,https://www.pref.tochigi.lg.jp/i02/koukinunyou.html,D,公式「公金運用」ページは調査時点でR6実績まで。R7実績の掲載を確認できず。,「見つからない」を「存在しない」とは扱わない。
栃木県,90000,2026,,policy_only,prefecture_funds,PARTIAL_OFFICIAL,prefecture_public_policy,,,,,,,,,,,,,,,,,栃木県公金管理・運用方針,https://www.pref.tochigi.lg.jp/i02/koukinunyou.html,D,2025年7月改訂の運用方針は確認、R8数値は未確認。,「見つからない」を「存在しない」とは扱わない。
群馬県,100005,2025,,unknown,prefecture_funds,SEARCHED_NOT_FOUND,public_data_gap,,,,,,,,,,,,,,,,,群馬県 公金運用の実績,https://www.pref.gunma.jp/page/17939.html,D,"調査時点の掲載はR6実績（基金：預金146,861百万円、債券106,893百万円等）まで。R7実績は未掲載。",公式実績ページの最新掲載は令和6年度。R7実績は本調査時点で確認できず。公金管理Q&Aでは基金を預金・債券で運用すると明記。
群馬県,100005,2026,,policy_only,prefecture_funds,PARTIAL_OFFICIAL,prefecture_public_policy,,,,,,,,,,,,,,,,,公金の管理・運用 Q&A,https://www.pref.gunma.jp/page/17941.html,D,現行商品範囲・運用プロセスは詳細に公表。R8数値は未確認。,「見つからない」を「存在しない」とは扱わない。
埼玉県,110001,2025,2026-03-31,annual_actual,prefecture_funds,NUMERIC_OFFICIAL,prefecture_public_actual,,1360100,476000,884100,,,65.0,,35.0,,8280.705,0.609,,,,,令和7年度第4四半期・公金の運用状況について,https://www.pref.saitama.lg.jp/documents/9675/unyoujyokyo7-4.pdf,B,基金平均残高、預金・債券構成、運用収入、利回りを直接比較可能。年限内訳は当該表では未確認。,「見つからない」を「存在しない」とは扱わない。
埼玉県,110001,2026,,policy_only,prefecture_funds,PARTIAL_OFFICIAL,prefecture_public_policy,,,,,,,,,,,,,,,,,埼玉県 公金運用状況,https://www.pref.saitama.lg.jp/a1201/koukinkanri.html,B,R7詳細実績あり。R8年度途中の基金全体数値は本調査では未確認。,「見つからない」を「存在しない」とは扱わない。
千葉県,120006,2025,2026-03-31,annual_actual,prefecture_funds,NUMERIC_OFFICIAL,prefecture_public_actual,,1254300,500500,753800,,,60.1,,39.9,,6049.462,0.482,,,,,令和7年度公金運用状況,https://www.pref.chiba.lg.jp/suitou/unyou/joukyou202603.html,B,基金平均残高、預金・債券構成、運用収入、利回りを比較可能。債券は国債・地方債等と記載。,国債単独残高は当該公表では分離されていない。
千葉県,120006,2026,,policy_only,prefecture_funds,PARTIAL_OFFICIAL,prefecture_public_policy,,,,,,,,,,,,,,,,,千葉県 公金管理,https://www.pref.chiba.lg.jp/suitou/koukinkanri.html,B,対象商品・運用方針は公表。R8年度途中の基金全体数値は未確認。,「見つからない」を「存在しない」とは扱わない。
東京都,130001,2025,2026-03-31,annual_actual,prefecture_funds,NUMERIC_OFFICIAL,prefecture_public_actual,,3792100,,,,,,,,,20973.5,0.553,,,,,令和7年度公金管理実績（年間及び第4四半期）,https://www.metro.tokyo.lg.jp/information/press/2026/05/2026052909,A,基金平均残高、運用収入、利回りを比較可能。最終実績ページでは本調査用の国債単独残高を確認できず。,「見つからない」を「存在しない」とは扱わない。
東京都,130001,2026,,annual_plan,prefecture_funds,NUMERIC_OFFICIAL_PLAN,prefecture_public_plan,,3480000,2000000,1480000,488400.0,370000.0,43.0,14.034482758620689,57.0,,,,,,,,令和8年度公金管理計画,https://www.metro.tokyo.lg.jp/information/press/2026/03/2026033034,A,計画値だが、基金平均残高、預金・債券構成、年限区分まで公表。実績とは分離して扱う。,R8年度想定。実績ランキングには使用しない。 債券種別金額は計画表の構成比から計算した概算。
神奈川県,140007,2025,,unknown,prefecture_funds,SEARCHED_NOT_FOUND,public_data_gap,,,,,,,,,,,,,,,,,神奈川県 公金管理運用実績,https://www.pref.kanagawa.jp/docs/f8r/cnt/f618/r01-koukin.html,D,調査時点で確認できた詳細実績はR6まで。R7年間実績は検索で確認できず。,"R6は基金平均残高13,061億円、債券7,478億円、利回り0.686%、運用収入89億5,701万円だがStage2数値には転記しない。"
神奈川県,140007,2026,,policy_only,prefecture_funds,PARTIAL_OFFICIAL,prefecture_public_policy,,,,,,,,,,,,,,,,,神奈川県 公金管理方針・運用実績ページ,https://www.pref.kanagawa.jp/docs/f8r/cnt/f618/r01-koukin.html,D,長期資金を国債・政府保証債・地方債等で運用し満期分散する方針は確認。R8数値は未確認。,「見つからない」を「存在しない」とは扱わない。
新潟県,150002,2025,2026-03-31,annual_actual,prefecture_funds,NUMERIC_OFFICIAL,prefecture_public_actual,,,,,,,,,,,1905.117433,,,,,,令和7年度公金運用状況,https://www.pref.niigata.lg.jp/site/suitou/reiwa7nendokoukinunyoujyoukyou.html,D,基金運用収入は確認できるが、本調査で基金全体平均残高・債券残高・利回りの統一表は抽出できず。,預金及び国債等により一括運用。
新潟県,150002,2026,,policy_only,prefecture_funds,PARTIAL_OFFICIAL,prefecture_public_policy,,,,,,,,,,,,,,,,,新潟県 公金運用,https://www.pref.niigata.lg.jp/site/suitou/reiwa7nendokoukinunyoujyoukyou.html,D,R7実績は公表済み。R8年度途中の統一数値は未確認。,「見つからない」を「存在しない」とは扱わない。
富山県,160008,2025,,year_end_actual,prefecture_funds,PARTIAL_OFFICIAL,prefecture_public_actual,,,,,,,,,,,,,,,,,令和7年度富山県歳入歳出決算及び基金の運用状況審査意見書／基金運用関係答弁,https://www.pref.toyama.jp/200/r7ikensho.html,D,R7決算審査意見書は公開済み。債券対象拡大・年限検討は確認したが、基金全体の統一運用表は本調査では未抽出。,「見つからない」を「存在しない」とは扱わない。
富山県,160008,2026,,policy_only,prefecture_funds,PARTIAL_OFFICIAL,prefecture_public_policy,,,,,,,,,,,,,,,,,富山県 公金運用関係資料,https://www.pref.toyama.jp/200/r7ikensho.html,D,公式サイトをR7/R8、公金運用、基金運用、債券、国債等の語で検索したが、当該年度の比較可能な数値資料を確認できず。,「見つからない」を「存在しない」とは扱わない。
石川県,170003,2025,2026-03-31,annual_actual,prefecture_funds,NUMERIC_OFFICIAL,prefecture_public_actual,,167400,,,,,,,,,421.66,0.252,,,,,基金の運用状況,https://www.pref.ishikawa.lg.jp/zaisei/data/koukinunyou/h28kikinunyou.html,D,基金平均運用額、運用収入、平均利回りを比較可能。商品は譲渡性預金・大口定期・債券だが当該集計で債券残高を分離確認できず。,債券残高が無いためB判定は利回り中心の部分比較。厳密な債券比率比較ではC相当。
石川県,170003,2026,,policy_only,prefecture_funds,PARTIAL_OFFICIAL,prefecture_public_policy,,,,,,,,,,,,,,,,,石川県 公金運用実績ページ,https://www.pref.ishikawa.lg.jp/zaisei/data/koukinunyou/h28kikinunyou.html,D,R7年間実績は公表。R8年度途中数値は未確認。,「見つからない」を「存在しない」とは扱わない。
福井県,180009,2025,2026-03-31,annual_actual,prefecture_funds,NUMERIC_OFFICIAL,prefecture_public_actual,,160224,,,,,,,,,529.37,0.3303936988216497,,,,,資金運用について,https://www.pref.fukui.lg.jp/doc/shinsa/shikin.html,D,平均基金残高と利息収入は公表。利回りは同じ定義の分母・分子からPython計算。債券残高は当該公表から分離できず。,「見つからない」を「存在しない」とは扱わない。
福井県,180009,2026,,policy_only,prefecture_funds,PARTIAL_OFFICIAL,prefecture_public_policy,,,,,,,,,,,,,,,,,福井県 資金運用について,https://www.pref.fukui.lg.jp/doc/shinsa/shikin.html,D,基金条例上、預金・国債・地方債・政府保証証券等で運用可能。R8途中数値は未確認。,「見つからない」を「存在しない」とは扱わない。
山梨県,190004,2025,,unknown,prefecture_funds,SEARCHED_NOT_FOUND,public_data_gap,,,,,,,,,,,,,,,,,山梨県 公金運用実績について,https://www.pref.yamanashi.jp/sui-kai/koukinunyou20.html,E,R7の基金全体について債券残高・国債残高・利回りを比較可能な公式資料を本調査では確認できず。,公式ページは2026-05-28更新だが掲載実績は令和6年度まで。R7/R8についてはSEARCHED_NOT_FOUNDを維持。
山梨県,190004,2026,,unknown,prefecture_funds,SEARCHED_NOT_FOUND,public_data_gap,,,,,,,,,,,,,,,,,山梨県 公金運用実績について,https://www.pref.yamanashi.jp/sui-kai/koukinunyou20.html,E,R8年度途中の比較可能数値を確認できず。,公式ページは2026-05-28更新だが掲載実績は令和6年度まで。R7/R8についてはSEARCHED_NOT_FOUNDを維持。
長野県,200000,2025,,year_end_actual,prefecture_funds,PARTIAL_OFFICIAL,prefecture_public_actual,,,,,,,,,,,,,,,,,令和7年度長野県歳入歳出決算等 審査意見書,https://www.pref.nagano.lg.jp/kansa/kensei/kansa/kekka/kekka.html,D,R7決算審査意見書は公表済みだが、基金全体の運用商品別残高・利回りの横断集計は本調査では確認できず。,基本方針では長期資金は国債・地方債等で運用し原則満期保有。
長野県,200000,2026,,policy_only,prefecture_funds,PARTIAL_OFFICIAL,prefecture_public_policy,,,,,,,,,,,,,,,,,長野県公金管理基本方針,https://www.pref.nagano.lg.jp/kaikei/kensei/soshiki/soshiki/kencho/kaikei/hoshin.html,D,国債・地方債等、満期保有、適正運用期間等の方針を確認。R8数値は未確認。,「見つからない」を「存在しない」とは扱わない。
岐阜県,210005,2025,,unknown,prefecture_funds,SEARCHED_NOT_FOUND,public_data_gap,,,,,,,,,,,,,,,,,岐阜県 出納管理課 公金運用情報,https://www.pref.gifu.lg.jp/soshiki/11113/index.html,D,運用実績ページへの導線はあるが、本調査でR7年間実績の数値を確認できず。,「見つからない」を「存在しない」とは扱わない。
岐阜県,210005,2026,,policy_only,prefecture_funds,PARTIAL_OFFICIAL,prefecture_public_policy,,,,,,,,,,,,,,,,,公金の運用方針,https://www.pref.gifu.lg.jp/page/23266.html,D,国債・政府保証債・地方債等、満期保有、分散運用、基金所管課との期間調整を明記。R8数値未確認。,「見つからない」を「存在しない」とは扱わない。
静岡県,220001,2025,2026-03-31,annual_actual,prefecture_funds,NUMERIC_OFFICIAL,prefecture_public_actual,,883500,338800,544700,,,61.652518392756086,,38.347481607243914,,4730,0.5353706847764572,0.455,0.664,,,令和7年度資金運用実績,https://www.pref.shizuoka.jp/_res/projects/default_project/_page_/001/030/351/shikinnunnyou.08.10.pdf,B,基金の預金・債券平均残高、各利回り、運用収入を比較可能。債券銘柄・年限内訳は当該表では未確認。,「見つからない」を「存在しない」とは扱わない。
静岡県,220001,2026,,policy_only,prefecture_funds,PARTIAL_OFFICIAL,prefecture_public_policy,,,,,,,,,,,,,,,,,静岡県 資金運用,https://www.pref.shizuoka.jp/kensei/zaiseisuito/suito/1030351.html,B,基金一括運用、競争入札、国債・地方債等の方針は確認。R8途中数値は未確認。,「見つからない」を「存在しない」とは扱わない。
愛知県,230006,2025,,policy_only,prefecture_funds,PARTIAL_OFFICIAL,prefecture_public_policy,,,,,,,,,,,,,,,,,2025年度愛知県財務マネジメント懇談会 議事概要,https://www.pref.aichi.jp/soshiki/shikin-kikaku/zaimumanagement2025.html,D,「一括運用基金における債券運用」が正式議題。会議録は非公開で数値比較はできず。,「見つからない」を「存在しない」とは扱わない。
愛知県,230006,2026,,policy_only,prefecture_funds,PARTIAL_OFFICIAL,prefecture_public_policy,,,,,,,,,,,,,,,,,愛知県 資金企画・財務マネジメント,https://www.pref.aichi.jp/soshiki/shikin-kikaku/zaimumanagement2025.html,D,債券運用のガバナンスは確認できるがR8基金ポートフォリオ数値は未確認。,「見つからない」を「存在しない」とは扱わない。
三重県,240001,2025,,annual_plan,prefecture_funds,NUMERIC_OFFICIAL_FORECAST,prefecture_public_plan,,,,,,,,,,,700,,,,,,令和8年2月27日 三重県議会定例会会議録,https://www.pref.mie.lg.jp/common/content/001256985.pdf,D,R7基金運用収益は「約7億円を超える見込み」。確定実績・平均残高・債券残高は未確認。,700百万円は「約7億円超」の比較用近似下限。確定値としては扱わない。
三重県,240001,2026,,policy_only,prefecture_funds,PARTIAL_OFFICIAL,prefecture_public_policy,,,,,,,,,,,,,,,,,令和8年2月27日 三重県議会定例会会議録,https://www.pref.mie.lg.jp/common/content/001256985.pdf,D,管理手法は確認できるがR8実績数値は未確認。,「見つからない」を「存在しない」とは扱わない。
滋賀県,250007,2025,,policy_only,prefecture_funds,PARTIAL_OFFICIAL,prefecture_public_policy,,,,,,,,,,,,,,,,,滋賀県 会計課（資金管理・出納係）,https://www.pref.shiga.lg.jp/kensei/gaiyou/soshiki/kaikeikanrikyoku/kaikeika/,D,会計課が基金等資金の管理・運用を所管することを確認。R7の債券残高・国債残高・利回り等の比較可能な実績は未確認。,「見つからない」を「存在しない」とは扱わない。
滋賀県,250007,2026,,policy_only,prefecture_funds,PARTIAL_OFFICIAL,prefecture_public_policy,,,,,,,,,,,,,,,,,滋賀県 会計管理局 公金管理関係資料,https://www.pref.shiga.lg.jp/ka00/9122.html,D,R8基金ポートフォリオの比較可能数値は未確認。,「見つからない」を「存在しない」とは扱わない。
京都府,260002,2025,2026-03-31,year_end_actual,prefecture_funds,PARTIAL_OFFICIAL,prefecture_public_actual,,,,,,,,,,,,,,,,,令和7年度京都府歳入歳出決算・基金の概要,https://www.pref.kyoto.jp/kessan/07kessan.html,D,R7基金残高資料は公表済みだが、基金全体の預金・債券別運用実績・利回りの専用比較表は本調査で未確認。,「見つからない」を「存在しない」とは扱わない。
京都府,260002,2026,,unknown,prefecture_funds,SEARCHED_NOT_FOUND,public_data_gap,,,,,,,,,,,,,,,,,京都府 決算・基金資料,https://www.pref.kyoto.jp/kessan/07kessan.html,D,R8年度途中の基金運用ポートフォリオ数値を確認できず。,「見つからない」を「存在しない」とは扱わない。
大阪府,270008,2025,2026-02-05,annual_plan,prefecture_public_money,NUMERIC_OFFICIAL_FORECAST,prefecture_public_plan,,892300,,290600,,,,,,1662.489,,0.442,0.739,,,,第25回大阪府財務マネジメント委員会 資料7「資金運用の実績について」,https://www.pref.osaka.lg.jp/documents/126891/shiryo7.pdf,A,"R7見込み。全体平均運用8,923億、長期運用2,906億、全体利回り0.442%、長期利回り0.739%。基金のみの分母ではないため愛媛県基金との直接比較には注意。",長期運用の年限別内訳・債券種別構成まで公表。investment_incomeは長期運用利息見込み。
大阪府,270008,2026,,annual_plan,prefecture_public_money,PARTIAL_OFFICIAL,prefecture_public_plan,,,,,,,,,,,,,,,,,第25回大阪府財務マネジメント委員会,https://www.pref.osaka.lg.jp/o050010/zaisei/oosakafuzaimumanezim/zaimane25.html,A,長期運用計画・商品・年限管理まで公開。R8実績ではなく計画。,「見つからない」を「存在しない」とは扱わない。
兵庫県,280003,2025,2026-03-31,annual_actual,prefecture_public_money,NUMERIC_OFFICIAL,prefecture_public_actual,,840300,,229400,,,,,,,,0.636,0.84,,6.21,,令和7年度資金運用実績及び令和8年度資金運用計画,https://web.pref.hyogo.lg.jp/kk21/documents/r8keikaku2.pdf,B,運用実績・債券年限・新規購入銘柄を詳細公表。ただし資料の集計対象は基金のみではなく県資金管理全体を含むためスコープ調整が必要。,"短期運用平均6,109億、債券2,294億、合計8,403億。詳細な購入年限表あり。 R7新規債券購入は計668億円、加重平均利率1.363%、平均年限6.21年（1/2/3/5/10/20/30年に分散）。"
兵庫県,280003,2026,,annual_plan,prefecture_public_money,NUMERIC_OFFICIAL_PLAN,prefecture_public_plan,,,,,,,,,,,,,,,,,令和7年度資金運用実績及び令和8年度資金運用計画,https://web.pref.hyogo.lg.jp/kk21/documents/r8keikaku2.pdf,B,資金管理委員会、運用指針、年度計画、新規債券購入の年限まで公開。R8数値は計画扱い。,「見つからない」を「存在しない」とは扱わない。
奈良県,290009,2025,,unknown,prefecture_funds,SEARCHED_NOT_FOUND,public_data_gap,,,,,,,,,,,,,,,,,奈良県 決算審査・基金運用状況,,E,R7基金全体の債券残高・利回り等を比較可能な公表資料を確認できず。,R6統一統計では有価証券比率が上昇しているため追加照会候補。
奈良県,290009,2026,,unknown,prefecture_funds,SEARCHED_NOT_FOUND,public_data_gap,,,,,,,,,,,,,,,,,奈良県 公金・基金運用関係公開資料,,E,R8年度途中の比較可能数値を確認できず。,「見つからない」を「存在しない」とは扱わない。
和歌山県,300004,2025,,policy_only,prefecture_funds,PARTIAL_OFFICIAL,prefecture_public_policy,,,,,,,,,,,,,,,,,令和7年12月 和歌山県議会定例会会議録（基金運用答弁）,https://www.pref.wakayama.lg.jp/gijiroku/d00221553.html,D,基金は基本的に預貯金で運用し、県債管理基金の一部は他自治体地方債等で債券運用する旨を公式答弁で確認。R7の残高・利回り等は未確認。,「見つからない」を「存在しない」とは扱わない。
和歌山県,300004,2026,,policy_only,prefecture_funds,PARTIAL_OFFICIAL,prefecture_public_policy,,,,,,,,,,,,,,,,,和歌山県 財政状況の公表（R8）,https://www.pref.wakayama.lg.jp/prefg/010400/d00156229.html,D,R8財政状況資料は公表されているが、基金の債券残高・国債残高・利回り等の比較可能な運用実績は確認できず。,「見つからない」を「存在しない」とは扱わない。
鳥取県,310000,2025,2026-03-31,annual_actual,prefecture_funds,NUMERIC_OFFICIAL,prefecture_public_actual,80400,75500,62700,12100,,,15.049751243781095,,77.98507462686567,,392.53999999999996,,1.125,0.411,,,基金の総額・運用実績,https://www.pref.tottori.lg.jp/258342.htm,B,年度末基金総額・預金・有価証券、預金/債券の平均残高・利息・利回りまで比較可能。国債単独残高は分離なし。,平均運用残高755億円は預金640億+債券115億のみ。繰替運用等は含まない。
鳥取県,310000,2026,,policy_only,prefecture_funds,PARTIAL_OFFICIAL,prefecture_public_policy,,,,,,,,,,,,,,,,,資金運用（歳計現金、基金）,https://www.pref.tottori.lg.jp/258339.htm,B,基金は銀行預金、有価証券（国債・政府保証債・地方債）を基本。R8途中数値は未確認。,「見つからない」を「存在しない」とは扱わない。
島根県,320005,2025,,unknown,prefecture_funds,SEARCHED_NOT_FOUND,public_data_gap,,,,,,,,,,,,,,,,,島根県 財政課 基金運用関係公開資料,,D,R7基金全体の国債・債券残高、利回りの比較可能な公表実績を確認できず。,R6全国統一統計では有価証券比率が高位。
島根県,320005,2026,,policy_only,prefecture_funds,PARTIAL_OFFICIAL,prefecture_public_policy,,,,,,,,,,,,,,,,,令和8年度 島根県会計年度任用職員採用試験受験案内,https://www.pref.shimane.lg.jp/admin/syokuin/bosyu/bosyu_somu/kaikei_saiyoushiken_issei.data/jukenannai_0801.pdf,D,R8に国債等の購入・管理業務が明示され、運用体制強化の証拠。ただしポートフォリオ数値は未確認。,「見つからない」を「存在しない」とは扱わない。
岡山県,330001,2025,2026-03-31,year_end_actual,prefecture_funds,NUMERIC_OFFICIAL_FORECAST,prefecture_public_actual,109323.195,,,,,,,,,,,,,,,,令和7年度 基金の状況（決算見込）,https://www.pref.okayama.jp/uploaded/life/1052449_10196574_misc.pdf,D,R7年度末基金残高見込は公表。運用資産の現預金・債券内訳、国債残高、利回りは当該資料では確認できず。,"基金合計109,323,195千円。県債管理基金は満期一括償還分を含まない。決算見込値として扱う。"
岡山県,330001,2026,,policy_only,prefecture_funds,PARTIAL_OFFICIAL,prefecture_public_policy,,,,,,,,,,,,,,,,,岡山県公金運用方針に関する公式監査資料,https://www.pref.okayama.jp/uploaded/life/771490_9281663_misc.pdf,D,R8比較可能数値は未確認。,預金を基本としつつ、一括運用基金は債券のラダー運用を基本とする方針を公式資料で確認。R8実績数値は未確認。
広島県,340006,2025,,year_end_actual,prefecture_funds,PARTIAL_OFFICIAL,prefecture_public_actual,,,,,,,,,,,,,,,,,広島県 財政状況・公金関連公開資料,https://www.pref.hiroshima.lg.jp/site/zaiseiyosann/zaiseijoukyou080529.html,D,R7決算関係資料は確認したが、基金全体の債券・国債残高、利回りを横断比較できる運用実績表は未確認。,「見つからない」を「存在しない」とは扱わない。 再検索で公式公開ページを確認したが、基金運用の比較可能な数値は確認できず。
広島県,340006,2026,,unknown,prefecture_funds,SEARCHED_NOT_FOUND,public_data_gap,,,,,,,,,,,,,,,,,広島県 財政状況・公金関連公開資料,https://www.pref.hiroshima.lg.jp/site/zaiseiyosann/zaiseijoukyou080529.html,D,R8年度途中の基金運用比較数値を確認できず。,「見つからない」を「存在しない」とは扱わない。 再検索で公式公開ページを確認したが、基金運用の比較可能な数値は確認できず。
山口県,350001,2025,,unknown,prefecture_funds,SEARCHED_NOT_FOUND,public_data_gap,,,,,,,,,,,,,,,,,山口県 監査・決算・基金運用関係資料,,E,R7基金全体の公金運用ポートフォリオ・利回りを確認できず。,「見つからない」を「存在しない」とは扱わない。
山口県,350001,2026,,unknown,prefecture_funds,SEARCHED_NOT_FOUND,public_data_gap,,,,,,,,,,,,,,,,,山口県 公金・基金運用関係公開資料,,E,R8比較可能数値を確認できず。,「見つからない」を「存在しない」とは扱わない。
徳島県,360007,2025,,policy_only,prefecture_funds,PARTIAL_OFFICIAL,prefecture_public_policy,,,,,,,,,,,,,,,,,徳島新未来創生総合計画（令和7年度版）,https://www.pref.tokushima.lg.jp/file/attachment/993807.pdf,D,債券運用拡大を政策目標として明記。R7基金全体の債券残高・利回り実績は未確認。,「見つからない」を「存在しない」とは扱わない。
徳島県,360007,2026,,annual_plan,prefecture_funds,PARTIAL_OFFICIAL,prefecture_public_plan,,,,,,,,,,,,,,,,,徳島新未来創生総合計画（令和7年度版）,https://www.pref.tokushima.lg.jp/file/attachment/993807.pdf,D,方針は明確だがR8実績数値は未確認。,「見つからない」を「存在しない」とは扱わない。
香川県,370002,2025,,year_end_actual,prefecture_funds,PARTIAL_OFFICIAL,prefecture_public_actual,,,,,,,,,,,,,,,,,香川県 決算審査意見書（基金運用状況を含む）,https://www.pref.kagawa.lg.jp/kansai/kessan/kessan.html,D,調査時点の一覧ではR6までの審査意見書掲載を確認。R7基金全体の資産構成・利回りの公表を確認できず。,「見つからない」を「存在しない」とは扱わない。
香川県,370002,2026,,unknown,prefecture_funds,SEARCHED_NOT_FOUND,public_data_gap,,,,,,,,,,,,,,,,,香川県 出納局,https://www.pref.kagawa.lg.jp/suito/index.html,D,R8年度途中の比較可能数値を確認できず。,「見つからない」を「存在しない」とは扱わない。 再検索で公式公開ページを確認したが、基金運用の比較可能な数値は確認できず。
愛媛県,380008,2025,,policy_only,prefecture_funds,SEARCHED_NOT_FOUND,public_data_gap,,,,,,,,,,,,,,,,,愛媛県 会計課・予算決算・監査等 公開資料横断検索,https://www.pref.ehime.jp/soshiki/113/index.html,E,基金・歳計現金の出納・運用所管は会計課公式ページで確認できるが、R7基金の国債残高・購入額・利回り・運用収入・年限等の全国比較可能な公表実績は再検索でも確認できず。,公表資料のみで調査。利用者から示された未公表情報はデータセットに使用していない。R6全国統一値をR7現在値として扱わない。
愛媛県,380008,2026,,policy_only,prefecture_funds,SEARCHED_NOT_FOUND,public_data_gap,,,,,,,,,,,,,,,,,愛媛県 会計課・予算決算・監査等 公開資料横断検索,https://www.pref.ehime.jp/soshiki/113/index.html,E,R8年度途中の国債残高・購入額・利回り・年限等の全国比較可能な公表実績は再検索でも確認できず。,公表資料のみで調査。会計課が基金・歳計現金の管理を所管することは確認できるが、R8運用実績の詳細公表は確認できず。
高知県,390003,2025,,policy_only,prefecture_funds,PARTIAL_OFFICIAL,prefecture_public_policy,,,,,,,,,,,,,,,,,高知県 資金の運用状況について,https://www.pref.kochi.lg.jp/doc/2025072300184/,D,資金管理方針、基金の預金・債券運用、ラダー型運用の考え方は公表。掲載実績はR6までで、R7実績は本調査時点で未確認。,「見つからない」を「存在しない」とは扱わない。
高知県,390003,2026,,policy_only,prefecture_funds,PARTIAL_OFFICIAL,prefecture_public_policy,,,,,,,,,,,,,,,,,高知県 資金の運用状況について,https://www.pref.kochi.lg.jp/doc/2025072300184/,D,資金管理方針と運用方法は公表。R8年度途中の比較可能な実績数値は未確認。,「見つからない」を「存在しない」とは扱わない。
福岡県,400009,2025,2026-01-13,latest_actual,prefecture_funds,NUMERIC_OFFICIAL_APPROX,prefecture_public_actual,,,,,,,70.0,,30.0,,,,,,,,知事定例記者会見（令和8年1月13日）,https://www.pref.fukuoka.lg.jp/site/chiji-kisha/teirei-kisyakaiken20260113.html,C,基金運用構成の概算比率は直接確認できる。R7決算「基金運用状況」PDFも公表済みだが、本調査ではPDF数値の構造化抽出まで至らず。,比率は知事発言の「大体」「約」に基づく概数。
福岡県,400009,2026,,year_end_actual,prefecture_funds,PARTIAL_OFFICIAL,prefecture_public_actual,,,,,,,,,,,,,,,,,基金の積立状況の公表について（令和7年度基金運用状況PDFへの公式導線）,https://www.pref.fukuoka.lg.jp/contents/kikintumitatejyoukyou.html,C,R7年度基金運用状況PDFが公表済み。R8年度途中の別実績は未確認。,R8行はR8の運用継続を示す現在の公式開示環境として記録。
佐賀県,410004,2025,,unknown,prefecture_funds,SEARCHED_NOT_FOUND,public_data_gap,,,,,,,,,,,,,,,,,令和7年度 歳入歳出決算,https://www.pref.saga.lg.jp/kiji003120845/index.html,E,R7基金全体の債券残高・利回り等の比較可能な運用実績を確認できず。,R6基金の状況は公表済みだがStage2数値には使用しない。 再検索で公式公開ページを確認したが、基金運用の比較可能な数値は確認できず。
佐賀県,410004,2026,,unknown,prefecture_funds,SEARCHED_NOT_FOUND,public_data_gap,,,,,,,,,,,,,,,,,佐賀県 会計・決算公開資料,https://www.pref.saga.lg.jp/kiji003120845/index.html,E,R8比較可能数値を確認できず。,「見つからない」を「存在しない」とは扱わない。 再検索で公式公開ページを確認したが、基金運用の比較可能な数値は確認できず。
長崎県,420000,2025,,unknown,prefecture_funds,SEARCHED_NOT_FOUND,public_data_gap,,,,,,,,,,,,,,,,,長崎県 公金支出情報公開・決算関連公開資料,https://shisyutsukoukai.pref.nagasaki.jp/public/,D,R7基金全体の債券・国債残高、利回りを確認できず。,R6全国統一統計では有価証券比率が高く、追加照会価値が高い。 再検索で公式公開ページを確認したが、基金運用の比較可能な数値は確認できず。
長崎県,420000,2026,,policy_only,prefecture_funds,PARTIAL_OFFICIAL,prefecture_public_policy,,,,,,,,,,,,,,,,,長崎県 公金支出情報公開・予算関連公開資料,https://shisyutsukoukai.pref.nagasaki.jp/public/,D,安全性・流動性・収益性、国債・政府関係機関債・地方債等の対象商品に関する公表はあるが、県基金全体のR8数値は未確認。,検索で得た規程が外郭等の範囲を含む可能性があるため、県本体基金との適用範囲は要確認。 再検索で公式公開ページを確認したが、基金運用の比較可能な数値は確認できず。
熊本県,430005,2025,,unknown,prefecture_funds,SEARCHED_NOT_FOUND,public_data_gap,,,,,,,,,,,,,,,,,熊本県 公金運用実績,https://www.pref.kumamoto.jp/soshiki/118/68486.html,D,調査時点の詳細公表はR6実績まで。R7実績は確認できず。,「見つからない」を「存在しない」とは扱わない。
熊本県,430005,2026,,policy_only,prefecture_funds,PARTIAL_OFFICIAL,prefecture_public_policy,,,,,,,,,,,,,,,,,熊本県公金管理に関する方針（公金運用実績ページ掲載）,https://www.pref.kumamoto.jp/soshiki/118/68486.html,D,高度な管理方針は確認できるがR8実績値は未確認。,「見つからない」を「存在しない」とは扱わない。
大分県,440001,2025,2026-03-31,annual_actual,prefecture_funds,NUMERIC_OFFICIAL,prefecture_public_actual,,137026.053,,,,,,,,,842.487,0.615,,,,,令和7年度 公金管理の実績について,https://www.pref.oita.jp/uploaded/attachment/2275311.pdf,D,基金平均残高・運用収入・利回りと20年ラダー運用を比較可能。ただし債券残高・債券比率が公表されていないためA～Cの数量比較条件を満たさない。,基金運用収入842.487百万円・利回り0.615%は償還差益17.732百万円を含む。償還差益除きは824.755百万円・0.602%。
大分県,440001,2026,,policy_only,prefecture_funds,PARTIAL_OFFICIAL,prefecture_public_policy,,,,,,,,,,,,,,,,,大分県 公金管理の実績・公金管理指針 公開ページ,https://www.pref.oita.jp/soshiki/11400/koukinkanri.html,D,対象商品・満期保有・信用リスク管理は確認。R8数値未確認。,R7実績ページから公金管理指針への公式リンクを確認。R8の運用実績数値は未公表。
宮崎県,450006,2025,2025-08-31,latest_actual,public_money_combined,NUMERIC_OFFICIAL_FORECAST,prefecture_public_actual,,182900,,52200,,,28.54018589393111,,71.45981410606889,650.0,650.0,,,,,,令和7年12月2日 宮崎県議会会議録（公金運用）,https://www.pref.miyazaki.lg.jp/documents/104090/104090_20260218171541-1.pdf,C,公金全体の運用残高と基金利益見込みは確認できるが、基金単独の債券残高・利回りは分離できない。,"基金運用利益は約6億5,000万円の見込み（確定実績ではない）。8月末時点では歳計現金・基金等を含む公金全体で定期性預金約1,307億円、債券約522億円。"
宮崎県,450006,2026,,policy_only,prefecture_funds,PARTIAL_OFFICIAL,prefecture_public_policy,,,,,,,,,,,,,,,,,宮崎県 公金運用関係議会資料,,C,安全性・流動性・効率性を重視し債券活用を継続。R8数値未確認。,「見つからない」を「存在しない」とは扱わない。
鹿児島県,460001,2025,,year_end_actual,prefecture_funds,PARTIAL_OFFICIAL,prefecture_public_actual,,,,,,,,,,,,,,,,,基金の状況（令和7年度）,https://www.pref.kagoshima.jp/ab05/kensei/zaisei/kessan/kikin.html,D,R7基金状況PDFは公開済み。ただし本調査で基金全体の運用商品別残高・利回りの専用比較表は確認できず。,「見つからない」を「存在しない」とは扱わない。
鹿児島県,460001,2026,,unknown,prefecture_funds,SEARCHED_NOT_FOUND,public_data_gap,,,,,,,,,,,,,,,,,鹿児島県 公金・基金運用関係公開資料,,D,R8年度途中の比較可能数値を確認できず。,「見つからない」を「存在しない」とは扱わない。
沖縄県,470007,2025,,policy_only,specific_fund,PARTIAL_OFFICIAL,prefecture_public_policy,,,,,,,,,,68.724,,,,,,,沖縄県産業振興基金 中期見通し,https://www.pref.okinawa.jp/_res/projects/default_project/_page_/001/010/064/r6.3tyuukimitoosi.pdf,D,県全基金ではなく産業振興基金110億円の個別事例。全国基金比較には直接使用しない。,R7運用収入は予算見込。
沖縄県,470007,2026,,annual_plan,specific_fund,PARTIAL_OFFICIAL,prefecture_public_plan,11000,,,,,,,,,78.724,,,,,,,沖縄県産業振興基金／中期見通し,https://www.pref.okinawa.jp/shigoto/keizai/1009879/1009880/1010064.html,D,特定基金のみ。県全基金のポートフォリオではない。,「見つからない」を「存在しない」とは扱わない。
