prefecture,prefecture_code,fiscal_year,search_performed,data_status,period_type,source_document,source_url,comparison_level,comparison_notes,search_query_pattern,search_result
北海道,10006,2025,YES,PARTIAL_OFFICIAL,policy_only,令和7年度 北海道決算審査意見書・基金運用状況審査意見書（案内ページ）,https://www.pref.hokkaido.lg.jp/kj/skk/71795.html,D,R7決算審査資料は公表済みだが、本調査で必要な基金全体の債券残高・国債残高・利回りを統一的に確認できず。,北海道 令和7年度 公金 基金 運用 債券 国債,OFFICIAL_SOURCE_FOUND_REAUDITED_2026-09-15
北海道,10006,2026,YES,SEARCHED_NOT_FOUND,policy_only,北海道監査委員 決算審査等意見書,https://www.pref.hokkaido.lg.jp/kj/skk/71795.html,D,R8年度途中の基金運用ポートフォリオ公表を確認できず。,北海道 令和8年度 公金 基金 運用 債券 国債,SEARCHED_NOT_FOUND_REAUDITED_2026-09-15
青森県,20001,2025,YES,PARTIAL_OFFICIAL,year_end_actual,青森県の決算について（一般会計及び特別会計）,https://www.pref.aomori.lg.jp/soshiki/suito/keiri/kessan_main.html,D,R7決算公表を確認したが、基金全体の運用商品の内訳・利回り等の比較可能な運用表は本調査では確認できず。,青森県 令和7年度 公金 基金 運用 債券 国債,OFFICIAL_SOURCE_FOUND_REAUDITED_2026-09-15
青森県,20001,2026,YES,SEARCHED_NOT_FOUND,unknown,青森県 会計管理課・決算ページ,https://www.pref.aomori.lg.jp/soshiki/suito/keiri/kessan_main.html,D,公式サイトをR7/R8、公金運用、基金運用、債券、国債等の語で検索したが、当該年度の比較可能な数値資料を確認できず。,青森県 令和8年度 公金 基金 運用 債券 国債,SEARCHED_NOT_FOUND_REAUDITED_2026-09-15
岩手県,30007,2025,YES,PARTIAL_OFFICIAL,annual_plan,岩手県議会会議録（資金運用による歳入確保）,https://www3.pref.iwate.jp/gikai/user/www/Zenbun/page/350/1164174/1164244,D,R7見込み利回り0.29%は確認できるが、基金全体の平均残高・債券残高の確定実績は未確認。,岩手県 令和7年度 公金 基金 運用 債券 国債,OFFICIAL_SOURCE_FOUND_REAUDITED_2026-09-15
岩手県,30007,2026,YES,PARTIAL_OFFICIAL,policy_only,岩手県議会会議録（資金運用による歳入確保）,https://www3.pref.iwate.jp/gikai/user/www/Zenbun/page/350/1164174/1164244,D,方針変更は確認できるがR8数値は未確認。,岩手県 令和8年度 公金 基金 運用 債券 国債,OFFICIAL_SOURCE_FOUND_REAUDITED_2026-09-15
宮城県,40002,2025,YES,PARTIAL_OFFICIAL,policy_only,基金運用における投資表明について,https://www.pref.miyagi.jp/soshiki/kaishi/toshi-hyomei2.html,D,長期運用可能資金の一部で債券購入を行い、基金で債券を保有していることは公式確認。基金全体の債券残高・利回り等は未確認。,宮城県 令和7年度 公金 基金 運用 債券 国債,OFFICIAL_SOURCE_FOUND_REAUDITED_2026-09-15
宮城県,40002,2026,YES,PARTIAL_OFFICIAL,policy_only,宮城県 出納管理課,https://www.pref.miyagi.jp/soshiki/kaishi/index.html,D,長期運用可能基金で債券投資を行う方針は確認できるがR8数値なし。,宮城県 令和8年度 公金 基金 運用 債券 国債,OFFICIAL_SOURCE_FOUND_REAUDITED_2026-09-15
秋田県,50008,2025,YES,PARTIAL_OFFICIAL,policy_only,行財政運営方針,https://www.pref.akita.lg.jp/uploads/public/archive_0000094309_00/%E8%A1%8C%E8%B2%A1%E6%94%BF%E9%81%8B%E5%96%B6%E6%96%B9%E9%87%9D.pdf,D,債券運用拡大の方針は確認できるが、R7基金全体の債券残高・利回り等は未確認。,秋田県 令和7年度 公金 基金 運用 債券 国債,OFFICIAL_SOURCE_FOUND_REAUDITED_2026-09-15
秋田県,50008,2026,YES,PARTIAL_OFFICIAL,policy_only,行財政運営方針,https://www.pref.akita.lg.jp/uploads/public/archive_0000094309_00/%E8%A1%8C%E8%B2%A1%E6%94%BF%E9%81%8B%E5%96%B6%E6%96%B9%E9%87%9D.pdf,D,公式サイトをR7/R8、公金運用、基金運用、債券、国債等の語で検索したが、当該年度の比較可能な数値資料を確認できず。,秋田県 令和8年度 公金 基金 運用 債券 国債,OFFICIAL_SOURCE_FOUND_REAUDITED_2026-09-15
山形県,60003,2025,YES,PARTIAL_OFFICIAL,year_end_actual,財政状況の公表のページ（令和8年6月公表）,https://www.pref.yamagata.jp/020004/kensei/zaisei/kessan/zaiseijyoukyoukouhyou.html,D,基金状況の公表は確認できるが、基金全体の運用商品別残高・利回りを比較できる専用実績表は本調査では確認できず。,山形県 令和7年度 公金 基金 運用 債券 国債,OFFICIAL_SOURCE_FOUND_REAUDITED_2026-09-15
山形県,60003,2026,YES,PARTIAL_OFFICIAL,policy_only,山形県 公金・基金管理関係公表資料,https://www.pref.yamagata.jp/020004/kensei/zaisei/kessan/zaiseijyoukyoukouhyou.html,D,年間基金計画・長期見通し・運用商品選定等の管理枠組みは確認、R8数値は未確認。,山形県 令和8年度 公金 基金 運用 債券 国債,OFFICIAL_SOURCE_FOUND_REAUDITED_2026-09-15
福島県,70009,2025,YES,NUMERIC_OFFICIAL,annual_actual,福島県 公金の管理・運用状況,https://www.pref.fukushima.lg.jp/sec/55015a/koukin.html,B,基金の預金・債券平均残高、各利回り、運用収入まで比較可能。年限情報は当該実績表では未確認。,福島県 令和7年度 公金 基金 運用 債券 国債,OFFICIAL_SOURCE_FOUND_REAUDITED_2026-09-15
福島県,70009,2026,YES,PARTIAL_OFFICIAL,policy_only,福島県 公金の管理・運用状況,https://www.pref.fukushima.lg.jp/sec/55015a/koukin.html,B,R7年間実績は詳細だが、R8年度途中の数値実績は本調査では確認できず。,福島県 令和8年度 公金 基金 運用 債券 国債,OFFICIAL_SOURCE_FOUND_REAUDITED_2026-09-15
茨城県,80004,2025,YES,NUMERIC_OFFICIAL_PLAN,annual_plan,令和8年度資金管理方針,https://www.pref.ibaraki.jp/somu/zaisei/kanri/documents/r8shikinkanrihoushin.pdf,D,R7欄は見込み値。平均残高・利回り・収入はあるが債券残高の実績値は未確認。,茨城県 令和7年度 公金 基金 運用 債券 国債,OFFICIAL_SOURCE_FOUND_REAUDITED_2026-09-15
茨城県,80004,2026,YES,PARTIAL_OFFICIAL,annual_plan,令和8年度資金管理方針,https://www.pref.ibaraki.jp/somu/zaisei/kanri/documents/r8shikinkanrihoushin.pdf,D,R8方針は明確だが本調査で年度途中実績数値は未確認。,茨城県 令和8年度 公金 基金 運用 債券 国債,OFFICIAL_SOURCE_FOUND_REAUDITED_2026-09-15
栃木県,90000,2025,YES,SEARCHED_NOT_FOUND,unknown,栃木県 公金運用,https://www.pref.tochigi.lg.jp/i02/koukinunyou.html,D,公式「公金運用」ページは調査時点でR6実績まで。R7実績の掲載を確認できず。,栃木県 令和7年度 公金 基金 運用 債券 国債,SEARCHED_NOT_FOUND_REAUDITED_2026-09-15
栃木県,90000,2026,YES,PARTIAL_OFFICIAL,policy_only,栃木県公金管理・運用方針,https://www.pref.tochigi.lg.jp/i02/koukinunyou.html,D,2025年7月改訂の運用方針は確認、R8数値は未確認。,栃木県 令和8年度 公金 基金 運用 債券 国債,OFFICIAL_SOURCE_FOUND_REAUDITED_2026-09-15
群馬県,100005,2025,YES,SEARCHED_NOT_FOUND,unknown,群馬県 公金運用の実績,https://www.pref.gunma.jp/page/17939.html,D,"調査時点の掲載はR6実績（基金：預金146,861百万円、債券106,893百万円等）まで。R7実績は未掲載。",群馬県 令和7年度 公金 基金 運用 債券 国債,SEARCHED_NOT_FOUND_REAUDITED_2026-09-15
群馬県,100005,2026,YES,PARTIAL_OFFICIAL,policy_only,公金の管理・運用 Q&A,https://www.pref.gunma.jp/page/17941.html,D,現行商品範囲・運用プロセスは詳細に公表。R8数値は未確認。,群馬県 令和8年度 公金 基金 運用 債券 国債,OFFICIAL_SOURCE_FOUND_REAUDITED_2026-09-15
埼玉県,110001,2025,YES,NUMERIC_OFFICIAL,annual_actual,令和7年度第4四半期・公金の運用状況について,https://www.pref.saitama.lg.jp/documents/9675/unyoujyokyo7-4.pdf,B,基金平均残高、預金・債券構成、運用収入、利回りを直接比較可能。年限内訳は当該表では未確認。,埼玉県 令和7年度 公金 基金 運用 債券 国債,OFFICIAL_SOURCE_FOUND_REAUDITED_2026-09-15
埼玉県,110001,2026,YES,PARTIAL_OFFICIAL,policy_only,埼玉県 公金運用状況,https://www.pref.saitama.lg.jp/a1201/koukinkanri.html,B,R7詳細実績あり。R8年度途中の基金全体数値は本調査では未確認。,埼玉県 令和8年度 公金 基金 運用 債券 国債,OFFICIAL_SOURCE_FOUND_REAUDITED_2026-09-15
千葉県,120006,2025,YES,NUMERIC_OFFICIAL,annual_actual,令和7年度公金運用状況,https://www.pref.chiba.lg.jp/suitou/unyou/joukyou202603.html,B,基金平均残高、預金・債券構成、運用収入、利回りを比較可能。債券は国債・地方債等と記載。,千葉県 令和7年度 公金 基金 運用 債券 国債,OFFICIAL_SOURCE_FOUND_REAUDITED_2026-09-15
千葉県,120006,2026,YES,PARTIAL_OFFICIAL,policy_only,千葉県 公金管理,https://www.pref.chiba.lg.jp/suitou/koukinkanri.html,B,対象商品・運用方針は公表。R8年度途中の基金全体数値は未確認。,千葉県 令和8年度 公金 基金 運用 債券 国債,OFFICIAL_SOURCE_FOUND_REAUDITED_2026-09-15
東京都,130001,2025,YES,NUMERIC_OFFICIAL,annual_actual,令和7年度公金管理実績（年間及び第4四半期）,https://www.metro.tokyo.lg.jp/information/press/2026/05/2026052909,A,基金平均残高、運用収入、利回りを比較可能。最終実績ページでは本調査用の国債単独残高を確認できず。,東京都 令和7年度 公金 基金 運用 債券 国債,OFFICIAL_SOURCE_FOUND_REAUDITED_2026-09-15
東京都,130001,2026,YES,NUMERIC_OFFICIAL_PLAN,annual_plan,令和8年度公金管理計画,https://www.metro.tokyo.lg.jp/information/press/2026/03/2026033034,A,計画値だが、基金平均残高、預金・債券構成、年限区分まで公表。実績とは分離して扱う。,東京都 令和8年度 公金 基金 運用 債券 国債,OFFICIAL_SOURCE_FOUND_REAUDITED_2026-09-15
神奈川県,140007,2025,YES,SEARCHED_NOT_FOUND,unknown,神奈川県 公金管理運用実績,https://www.pref.kanagawa.jp/docs/f8r/cnt/f618/r01-koukin.html,D,調査時点で確認できた詳細実績はR6まで。R7年間実績は検索で確認できず。,神奈川県 令和7年度 公金 基金 運用 債券 国債,SEARCHED_NOT_FOUND_REAUDITED_2026-09-15
神奈川県,140007,2026,YES,PARTIAL_OFFICIAL,policy_only,神奈川県 公金管理方針・運用実績ページ,https://www.pref.kanagawa.jp/docs/f8r/cnt/f618/r01-koukin.html,D,長期資金を国債・政府保証債・地方債等で運用し満期分散する方針は確認。R8数値は未確認。,神奈川県 令和8年度 公金 基金 運用 債券 国債,OFFICIAL_SOURCE_FOUND_REAUDITED_2026-09-15
新潟県,150002,2025,YES,NUMERIC_OFFICIAL,annual_actual,令和7年度公金運用状況,https://www.pref.niigata.lg.jp/site/suitou/reiwa7nendokoukinunyoujyoukyou.html,D,基金運用収入は確認できるが、本調査で基金全体平均残高・債券残高・利回りの統一表は抽出できず。,新潟県 令和7年度 公金 基金 運用 債券 国債,OFFICIAL_SOURCE_FOUND_REAUDITED_2026-09-15
新潟県,150002,2026,YES,PARTIAL_OFFICIAL,policy_only,新潟県 公金運用,https://www.pref.niigata.lg.jp/site/suitou/reiwa7nendokoukinunyoujyoukyou.html,D,R7実績は公表済み。R8年度途中の統一数値は未確認。,新潟県 令和8年度 公金 基金 運用 債券 国債,OFFICIAL_SOURCE_FOUND_REAUDITED_2026-09-15
富山県,160008,2025,YES,PARTIAL_OFFICIAL,year_end_actual,令和7年度富山県歳入歳出決算及び基金の運用状況審査意見書／基金運用関係答弁,https://www.pref.toyama.jp/200/r7ikensho.html,D,R7決算審査意見書は公開済み。債券対象拡大・年限検討は確認したが、基金全体の統一運用表は本調査では未抽出。,富山県 令和7年度 公金 基金 運用 債券 国債,OFFICIAL_SOURCE_FOUND_REAUDITED_2026-09-15
富山県,160008,2026,YES,PARTIAL_OFFICIAL,policy_only,富山県 公金運用関係資料,https://www.pref.toyama.jp/200/r7ikensho.html,D,公式サイトをR7/R8、公金運用、基金運用、債券、国債等の語で検索したが、当該年度の比較可能な数値資料を確認できず。,富山県 令和8年度 公金 基金 運用 債券 国債,OFFICIAL_SOURCE_FOUND_REAUDITED_2026-09-15
石川県,170003,2025,YES,NUMERIC_OFFICIAL,annual_actual,基金の運用状況,https://www.pref.ishikawa.lg.jp/zaisei/data/koukinunyou/h28kikinunyou.html,D,基金平均運用額、運用収入、平均利回りを比較可能。商品は譲渡性預金・大口定期・債券だが当該集計で債券残高を分離確認できず。,石川県 令和7年度 公金 基金 運用 債券 国債,OFFICIAL_SOURCE_FOUND_REAUDITED_2026-09-15
石川県,170003,2026,YES,PARTIAL_OFFICIAL,policy_only,石川県 公金運用実績ページ,https://www.pref.ishikawa.lg.jp/zaisei/data/koukinunyou/h28kikinunyou.html,D,R7年間実績は公表。R8年度途中数値は未確認。,石川県 令和8年度 公金 基金 運用 債券 国債,OFFICIAL_SOURCE_FOUND_REAUDITED_2026-09-15
福井県,180009,2025,YES,NUMERIC_OFFICIAL,annual_actual,資金運用について,https://www.pref.fukui.lg.jp/doc/shinsa/shikin.html,D,平均基金残高と利息収入は公表。利回りは同じ定義の分母・分子からPython計算。債券残高は当該公表から分離できず。,福井県 令和7年度 公金 基金 運用 債券 国債,OFFICIAL_SOURCE_FOUND_REAUDITED_2026-09-15
福井県,180009,2026,YES,PARTIAL_OFFICIAL,policy_only,福井県 資金運用について,https://www.pref.fukui.lg.jp/doc/shinsa/shikin.html,D,基金条例上、預金・国債・地方債・政府保証証券等で運用可能。R8途中数値は未確認。,福井県 令和8年度 公金 基金 運用 債券 国債,OFFICIAL_SOURCE_FOUND_REAUDITED_2026-09-15
山梨県,190004,2025,YES,SEARCHED_NOT_FOUND,unknown,山梨県 公金運用実績について,https://www.pref.yamanashi.jp/sui-kai/koukinunyou20.html,E,R7の基金全体について債券残高・国債残高・利回りを比較可能な公式資料を本調査では確認できず。,山梨県 令和7年度 公金 基金 運用 債券 国債,SEARCHED_NOT_FOUND_REAUDITED_2026-09-15
山梨県,190004,2026,YES,SEARCHED_NOT_FOUND,unknown,山梨県 公金運用実績について,https://www.pref.yamanashi.jp/sui-kai/koukinunyou20.html,E,R8年度途中の比較可能数値を確認できず。,山梨県 令和8年度 公金 基金 運用 債券 国債,SEARCHED_NOT_FOUND_REAUDITED_2026-09-15
長野県,200000,2025,YES,PARTIAL_OFFICIAL,year_end_actual,令和7年度長野県歳入歳出決算等 審査意見書,https://www.pref.nagano.lg.jp/kansa/kensei/kansa/kekka/kekka.html,D,R7決算審査意見書は公表済みだが、基金全体の運用商品別残高・利回りの横断集計は本調査では確認できず。,長野県 令和7年度 公金 基金 運用 債券 国債,OFFICIAL_SOURCE_FOUND_REAUDITED_2026-09-15
長野県,200000,2026,YES,PARTIAL_OFFICIAL,policy_only,長野県公金管理基本方針,https://www.pref.nagano.lg.jp/kaikei/kensei/soshiki/soshiki/kencho/kaikei/hoshin.html,D,国債・地方債等、満期保有、適正運用期間等の方針を確認。R8数値は未確認。,長野県 令和8年度 公金 基金 運用 債券 国債,OFFICIAL_SOURCE_FOUND_REAUDITED_2026-09-15
岐阜県,210005,2025,YES,SEARCHED_NOT_FOUND,unknown,岐阜県 出納管理課 公金運用情報,https://www.pref.gifu.lg.jp/soshiki/11113/index.html,D,運用実績ページへの導線はあるが、本調査でR7年間実績の数値を確認できず。,岐阜県 令和7年度 公金 基金 運用 債券 国債,SEARCHED_NOT_FOUND_REAUDITED_2026-09-15
岐阜県,210005,2026,YES,PARTIAL_OFFICIAL,policy_only,公金の運用方針,https://www.pref.gifu.lg.jp/page/23266.html,D,国債・政府保証債・地方債等、満期保有、分散運用、基金所管課との期間調整を明記。R8数値未確認。,岐阜県 令和8年度 公金 基金 運用 債券 国債,OFFICIAL_SOURCE_FOUND_REAUDITED_2026-09-15
静岡県,220001,2025,YES,NUMERIC_OFFICIAL,annual_actual,令和7年度資金運用実績,https://www.pref.shizuoka.jp/_res/projects/default_project/_page_/001/030/351/shikinnunnyou.08.10.pdf,B,基金の預金・債券平均残高、各利回り、運用収入を比較可能。債券銘柄・年限内訳は当該表では未確認。,静岡県 令和7年度 公金 基金 運用 債券 国債,OFFICIAL_SOURCE_FOUND_REAUDITED_2026-09-15
静岡県,220001,2026,YES,PARTIAL_OFFICIAL,policy_only,静岡県 資金運用,https://www.pref.shizuoka.jp/kensei/zaiseisuito/suito/1030351.html,B,基金一括運用、競争入札、国債・地方債等の方針は確認。R8途中数値は未確認。,静岡県 令和8年度 公金 基金 運用 債券 国債,OFFICIAL_SOURCE_FOUND_REAUDITED_2026-09-15
愛知県,230006,2025,YES,PARTIAL_OFFICIAL,policy_only,2025年度愛知県財務マネジメント懇談会 議事概要,https://www.pref.aichi.jp/soshiki/shikin-kikaku/zaimumanagement2025.html,D,「一括運用基金における債券運用」が正式議題。会議録は非公開で数値比較はできず。,愛知県 令和7年度 公金 基金 運用 債券 国債,OFFICIAL_SOURCE_FOUND_REAUDITED_2026-09-15
愛知県,230006,2026,YES,PARTIAL_OFFICIAL,policy_only,愛知県 資金企画・財務マネジメント,https://www.pref.aichi.jp/soshiki/shikin-kikaku/zaimumanagement2025.html,D,債券運用のガバナンスは確認できるがR8基金ポートフォリオ数値は未確認。,愛知県 令和8年度 公金 基金 運用 債券 国債,OFFICIAL_SOURCE_FOUND_REAUDITED_2026-09-15
三重県,240001,2025,YES,NUMERIC_OFFICIAL_FORECAST,annual_plan,令和8年2月27日 三重県議会定例会会議録,https://www.pref.mie.lg.jp/common/content/001256985.pdf,D,R7基金運用収益は「約7億円を超える見込み」。確定実績・平均残高・債券残高は未確認。,三重県 令和7年度 公金 基金 運用 債券 国債,OFFICIAL_SOURCE_FOUND_REAUDITED_2026-09-15
三重県,240001,2026,YES,PARTIAL_OFFICIAL,policy_only,令和8年2月27日 三重県議会定例会会議録,https://www.pref.mie.lg.jp/common/content/001256985.pdf,D,管理手法は確認できるがR8実績数値は未確認。,三重県 令和8年度 公金 基金 運用 債券 国債,OFFICIAL_SOURCE_FOUND_REAUDITED_2026-09-15
滋賀県,250007,2025,YES,PARTIAL_OFFICIAL,policy_only,滋賀県 会計課（資金管理・出納係）,https://www.pref.shiga.lg.jp/kensei/gaiyou/soshiki/kaikeikanrikyoku/kaikeika/,D,会計課が基金等資金の管理・運用を所管することを確認。R7の債券残高・国債残高・利回り等の比較可能な実績は未確認。,滋賀県 令和7年度 公金 基金 運用 債券 国債,OFFICIAL_SOURCE_FOUND_REAUDITED_2026-09-15
滋賀県,250007,2026,YES,PARTIAL_OFFICIAL,policy_only,滋賀県 会計管理局 公金管理関係資料,https://www.pref.shiga.lg.jp/ka00/9122.html,D,R8基金ポートフォリオの比較可能数値は未確認。,滋賀県 令和8年度 公金 基金 運用 債券 国債,OFFICIAL_SOURCE_FOUND_REAUDITED_2026-09-15
京都府,260002,2025,YES,PARTIAL_OFFICIAL,year_end_actual,令和7年度京都府歳入歳出決算・基金の概要,https://www.pref.kyoto.jp/kessan/07kessan.html,D,R7基金残高資料は公表済みだが、基金全体の預金・債券別運用実績・利回りの専用比較表は本調査で未確認。,京都府 令和7年度 公金 基金 運用 債券 国債,OFFICIAL_SOURCE_FOUND_REAUDITED_2026-09-15
京都府,260002,2026,YES,SEARCHED_NOT_FOUND,unknown,京都府 決算・基金資料,https://www.pref.kyoto.jp/kessan/07kessan.html,D,R8年度途中の基金運用ポートフォリオ数値を確認できず。,京都府 令和8年度 公金 基金 運用 債券 国債,SEARCHED_NOT_FOUND_REAUDITED_2026-09-15
大阪府,270008,2025,YES,NUMERIC_OFFICIAL_FORECAST,annual_plan,第25回大阪府財務マネジメント委員会 資料7「資金運用の実績について」,https://www.pref.osaka.lg.jp/documents/126891/shiryo7.pdf,A,"R7見込み。全体平均運用8,923億、長期運用2,906億、全体利回り0.442%、長期利回り0.739%。基金のみの分母ではないため愛媛県基金との直接比較には注意。",大阪府 令和7年度 公金 基金 運用 債券 国債,OFFICIAL_SOURCE_FOUND_REAUDITED_2026-09-15
大阪府,270008,2026,YES,PARTIAL_OFFICIAL,annual_plan,第25回大阪府財務マネジメント委員会,https://www.pref.osaka.lg.jp/o050010/zaisei/oosakafuzaimumanezim/zaimane25.html,A,長期運用計画・商品・年限管理まで公開。R8実績ではなく計画。,大阪府 令和8年度 公金 基金 運用 債券 国債,OFFICIAL_SOURCE_FOUND_REAUDITED_2026-09-15
兵庫県,280003,2025,YES,NUMERIC_OFFICIAL,annual_actual,令和7年度資金運用実績及び令和8年度資金運用計画,https://web.pref.hyogo.lg.jp/kk21/documents/r8keikaku2.pdf,B,運用実績・債券年限・新規購入銘柄を詳細公表。ただし資料の集計対象は基金のみではなく県資金管理全体を含むためスコープ調整が必要。,兵庫県 令和7年度 公金 基金 運用 債券 国債,OFFICIAL_SOURCE_FOUND_REAUDITED_2026-09-15
兵庫県,280003,2026,YES,NUMERIC_OFFICIAL_PLAN,annual_plan,令和7年度資金運用実績及び令和8年度資金運用計画,https://web.pref.hyogo.lg.jp/kk21/documents/r8keikaku2.pdf,B,資金管理委員会、運用指針、年度計画、新規債券購入の年限まで公開。R8数値は計画扱い。,兵庫県 令和8年度 公金 基金 運用 債券 国債,OFFICIAL_SOURCE_FOUND_REAUDITED_2026-09-15
奈良県,290009,2025,YES,SEARCHED_NOT_FOUND,unknown,奈良県 決算審査・基金運用状況,,E,R7基金全体の債券残高・利回り等を比較可能な公表資料を確認できず。,奈良県 令和7年度 公金 基金 運用 債券 国債,SEARCHED_NOT_FOUND_REAUDITED_2026-09-15
奈良県,290009,2026,YES,SEARCHED_NOT_FOUND,unknown,奈良県 公金・基金運用関係公開資料,,E,R8年度途中の比較可能数値を確認できず。,奈良県 令和8年度 公金 基金 運用 債券 国債,SEARCHED_NOT_FOUND_REAUDITED_2026-09-15
和歌山県,300004,2025,YES,PARTIAL_OFFICIAL,policy_only,令和7年12月 和歌山県議会定例会会議録（基金運用答弁）,https://www.pref.wakayama.lg.jp/gijiroku/d00221553.html,D,基金は基本的に預貯金で運用し、県債管理基金の一部は他自治体地方債等で債券運用する旨を公式答弁で確認。R7の残高・利回り等は未確認。,和歌山県 令和7年度 公金 基金 運用 債券 国債,OFFICIAL_SOURCE_FOUND_REAUDITED_2026-09-15
和歌山県,300004,2026,YES,PARTIAL_OFFICIAL,policy_only,和歌山県 財政状況の公表（R8）,https://www.pref.wakayama.lg.jp/prefg/010400/d00156229.html,D,R8財政状況資料は公表されているが、基金の債券残高・国債残高・利回り等の比較可能な運用実績は確認できず。,和歌山県 令和8年度 公金 基金 運用 債券 国債,OFFICIAL_SOURCE_FOUND_REAUDITED_2026-09-15
鳥取県,310000,2025,YES,NUMERIC_OFFICIAL,annual_actual,基金の総額・運用実績,https://www.pref.tottori.lg.jp/258342.htm,B,年度末基金総額・預金・有価証券、預金/債券の平均残高・利息・利回りまで比較可能。国債単独残高は分離なし。,鳥取県 令和7年度 公金 基金 運用 債券 国債,OFFICIAL_SOURCE_FOUND_REAUDITED_2026-09-15
鳥取県,310000,2026,YES,PARTIAL_OFFICIAL,policy_only,資金運用（歳計現金、基金）,https://www.pref.tottori.lg.jp/258339.htm,B,基金は銀行預金、有価証券（国債・政府保証債・地方債）を基本。R8途中数値は未確認。,鳥取県 令和8年度 公金 基金 運用 債券 国債,OFFICIAL_SOURCE_FOUND_REAUDITED_2026-09-15
島根県,320005,2025,YES,SEARCHED_NOT_FOUND,unknown,島根県 財政課 基金運用関係公開資料,,D,R7基金全体の国債・債券残高、利回りの比較可能な公表実績を確認できず。,島根県 令和7年度 公金 基金 運用 債券 国債,SEARCHED_NOT_FOUND_REAUDITED_2026-09-15
島根県,320005,2026,YES,PARTIAL_OFFICIAL,policy_only,令和8年度 島根県会計年度任用職員採用試験受験案内,https://www.pref.shimane.lg.jp/admin/syokuin/bosyu/bosyu_somu/kaikei_saiyoushiken_issei.data/jukenannai_0801.pdf,D,R8に国債等の購入・管理業務が明示され、運用体制強化の証拠。ただしポートフォリオ数値は未確認。,島根県 令和8年度 公金 基金 運用 債券 国債,OFFICIAL_SOURCE_FOUND_REAUDITED_2026-09-15
岡山県,330001,2025,YES,NUMERIC_OFFICIAL_FORECAST,year_end_actual,令和7年度 基金の状況（決算見込）,https://www.pref.okayama.jp/uploaded/life/1052449_10196574_misc.pdf,D,R7年度末基金残高見込は公表。運用資産の現預金・債券内訳、国債残高、利回りは当該資料では確認できず。,岡山県 令和7年度 公金 基金 運用 債券 国債,OFFICIAL_SOURCE_FOUND_REAUDITED_2026-09-15
岡山県,330001,2026,YES,PARTIAL_OFFICIAL,policy_only,岡山県公金運用方針に関する公式監査資料,https://www.pref.okayama.jp/uploaded/life/771490_9281663_misc.pdf,D,R8比較可能数値は未確認。,岡山県 令和8年度 公金 基金 運用 債券 国債,OFFICIAL_SOURCE_FOUND_REAUDITED_2026-09-15
広島県,340006,2025,YES,PARTIAL_OFFICIAL,year_end_actual,広島県 財政状況・公金関連公開資料,https://www.pref.hiroshima.lg.jp/site/zaiseiyosann/zaiseijoukyou080529.html,D,R7決算関係資料は確認したが、基金全体の債券・国債残高、利回りを横断比較できる運用実績表は未確認。,広島県 令和7年度 公金 基金 運用 債券 国債,OFFICIAL_SOURCE_FOUND_REAUDITED_2026-09-15
広島県,340006,2026,YES,SEARCHED_NOT_FOUND,unknown,広島県 財政状況・公金関連公開資料,https://www.pref.hiroshima.lg.jp/site/zaiseiyosann/zaiseijoukyou080529.html,D,R8年度途中の基金運用比較数値を確認できず。,広島県 令和8年度 公金 基金 運用 債券 国債,SEARCHED_NOT_FOUND_REAUDITED_2026-09-15
山口県,350001,2025,YES,SEARCHED_NOT_FOUND,unknown,山口県 監査・決算・基金運用関係資料,,E,R7基金全体の公金運用ポートフォリオ・利回りを確認できず。,山口県 令和7年度 公金 基金 運用 債券 国債,SEARCHED_NOT_FOUND_REAUDITED_2026-09-15
山口県,350001,2026,YES,SEARCHED_NOT_FOUND,unknown,山口県 公金・基金運用関係公開資料,,E,R8比較可能数値を確認できず。,山口県 令和8年度 公金 基金 運用 債券 国債,SEARCHED_NOT_FOUND_REAUDITED_2026-09-15
徳島県,360007,2025,YES,PARTIAL_OFFICIAL,policy_only,徳島新未来創生総合計画（令和7年度版）,https://www.pref.tokushima.lg.jp/file/attachment/993807.pdf,D,債券運用拡大を政策目標として明記。R7基金全体の債券残高・利回り実績は未確認。,徳島県 令和7年度 公金 基金 運用 債券 国債,OFFICIAL_SOURCE_FOUND_REAUDITED_2026-09-15
徳島県,360007,2026,YES,PARTIAL_OFFICIAL,annual_plan,徳島新未来創生総合計画（令和7年度版）,https://www.pref.tokushima.lg.jp/file/attachment/993807.pdf,D,方針は明確だがR8実績数値は未確認。,徳島県 令和8年度 公金 基金 運用 債券 国債,OFFICIAL_SOURCE_FOUND_REAUDITED_2026-09-15
香川県,370002,2025,YES,PARTIAL_OFFICIAL,year_end_actual,香川県 決算審査意見書（基金運用状況を含む）,https://www.pref.kagawa.lg.jp/kansai/kessan/kessan.html,D,調査時点の一覧ではR6までの審査意見書掲載を確認。R7基金全体の資産構成・利回りの公表を確認できず。,香川県 令和7年度 公金 基金 運用 債券 国債,OFFICIAL_SOURCE_FOUND_REAUDITED_2026-09-15
香川県,370002,2026,YES,SEARCHED_NOT_FOUND,unknown,香川県 出納局,https://www.pref.kagawa.lg.jp/suito/index.html,D,R8年度途中の比較可能数値を確認できず。,香川県 令和8年度 公金 基金 運用 債券 国債,SEARCHED_NOT_FOUND_REAUDITED_2026-09-15
愛媛県,380008,2025,YES,SEARCHED_NOT_FOUND,policy_only,愛媛県 会計課・予算決算・監査等 公開資料横断検索,https://www.pref.ehime.jp/soshiki/113/index.html,E,基金・歳計現金の出納・運用所管は会計課公式ページで確認できるが、R7基金の国債残高・購入額・利回り・運用収入・年限等の全国比較可能な公表実績は再検索でも確認できず。,愛媛県 令和7年度 公金 基金 運用 債券 国債,SEARCHED_NOT_FOUND_REAUDITED_2026-09-15
愛媛県,380008,2026,YES,SEARCHED_NOT_FOUND,policy_only,愛媛県 会計課・予算決算・監査等 公開資料横断検索,https://www.pref.ehime.jp/soshiki/113/index.html,E,R8年度途中の国債残高・購入額・利回り・年限等の全国比較可能な公表実績は再検索でも確認できず。,愛媛県 令和8年度 公金 基金 運用 債券 国債,SEARCHED_NOT_FOUND_REAUDITED_2026-09-15
高知県,390003,2025,YES,PARTIAL_OFFICIAL,policy_only,高知県 資金の運用状況について,https://www.pref.kochi.lg.jp/doc/2025072300184/,D,資金管理方針、基金の預金・債券運用、ラダー型運用の考え方は公表。掲載実績はR6までで、R7実績は本調査時点で未確認。,高知県 令和7年度 公金 基金 運用 債券 国債,OFFICIAL_SOURCE_FOUND_REAUDITED_2026-09-15
高知県,390003,2026,YES,PARTIAL_OFFICIAL,policy_only,高知県 資金の運用状況について,https://www.pref.kochi.lg.jp/doc/2025072300184/,D,資金管理方針と運用方法は公表。R8年度途中の比較可能な実績数値は未確認。,高知県 令和8年度 公金 基金 運用 債券 国債,OFFICIAL_SOURCE_FOUND_REAUDITED_2026-09-15
福岡県,400009,2025,YES,NUMERIC_OFFICIAL_APPROX,latest_actual,知事定例記者会見（令和8年1月13日）,https://www.pref.fukuoka.lg.jp/site/chiji-kisha/teirei-kisyakaiken20260113.html,C,基金運用構成の概算比率は直接確認できる。R7決算「基金運用状況」PDFも公表済みだが、本調査ではPDF数値の構造化抽出まで至らず。,福岡県 令和7年度 公金 基金 運用 債券 国債,OFFICIAL_SOURCE_FOUND_REAUDITED_2026-09-15
福岡県,400009,2026,YES,PARTIAL_OFFICIAL,year_end_actual,基金の積立状況の公表について（令和7年度基金運用状況PDFへの公式導線）,https://www.pref.fukuoka.lg.jp/contents/kikintumitatejyoukyou.html,C,R7年度基金運用状況PDFが公表済み。R8年度途中の別実績は未確認。,福岡県 令和8年度 公金 基金 運用 債券 国債,OFFICIAL_SOURCE_FOUND_REAUDITED_2026-09-15
佐賀県,410004,2025,YES,SEARCHED_NOT_FOUND,unknown,令和7年度 歳入歳出決算,https://www.pref.saga.lg.jp/kiji003120845/index.html,E,R7基金全体の債券残高・利回り等の比較可能な運用実績を確認できず。,佐賀県 令和7年度 公金 基金 運用 債券 国債,SEARCHED_NOT_FOUND_REAUDITED_2026-09-15
佐賀県,410004,2026,YES,SEARCHED_NOT_FOUND,unknown,佐賀県 会計・決算公開資料,https://www.pref.saga.lg.jp/kiji003120845/index.html,E,R8比較可能数値を確認できず。,佐賀県 令和8年度 公金 基金 運用 債券 国債,SEARCHED_NOT_FOUND_REAUDITED_2026-09-15
長崎県,420000,2025,YES,SEARCHED_NOT_FOUND,unknown,長崎県 公金支出情報公開・決算関連公開資料,https://shisyutsukoukai.pref.nagasaki.jp/public/,D,R7基金全体の債券・国債残高、利回りを確認できず。,長崎県 令和7年度 公金 基金 運用 債券 国債,SEARCHED_NOT_FOUND_REAUDITED_2026-09-15
長崎県,420000,2026,YES,PARTIAL_OFFICIAL,policy_only,長崎県 公金支出情報公開・予算関連公開資料,https://shisyutsukoukai.pref.nagasaki.jp/public/,D,安全性・流動性・収益性、国債・政府関係機関債・地方債等の対象商品に関する公表はあるが、県基金全体のR8数値は未確認。,長崎県 令和8年度 公金 基金 運用 債券 国債,OFFICIAL_SOURCE_FOUND_REAUDITED_2026-09-15
熊本県,430005,2025,YES,SEARCHED_NOT_FOUND,unknown,熊本県 公金運用実績,https://www.pref.kumamoto.jp/soshiki/118/68486.html,D,調査時点の詳細公表はR6実績まで。R7実績は確認できず。,熊本県 令和7年度 公金 基金 運用 債券 国債,SEARCHED_NOT_FOUND_REAUDITED_2026-09-15
熊本県,430005,2026,YES,PARTIAL_OFFICIAL,policy_only,熊本県公金管理に関する方針（公金運用実績ページ掲載）,https://www.pref.kumamoto.jp/soshiki/118/68486.html,D,高度な管理方針は確認できるがR8実績値は未確認。,熊本県 令和8年度 公金 基金 運用 債券 国債,OFFICIAL_SOURCE_FOUND_REAUDITED_2026-09-15
大分県,440001,2025,YES,NUMERIC_OFFICIAL,annual_actual,令和7年度 公金管理の実績について,https://www.pref.oita.jp/uploaded/attachment/2275311.pdf,D,基金平均残高・運用収入・利回りと20年ラダー運用を比較可能。ただし債券残高・債券比率が公表されていないためA～Cの数量比較条件を満たさない。,大分県 令和7年度 公金 基金 運用 債券 国債,OFFICIAL_SOURCE_FOUND_REAUDITED_2026-09-15
大分県,440001,2026,YES,PARTIAL_OFFICIAL,policy_only,大分県 公金管理の実績・公金管理指針 公開ページ,https://www.pref.oita.jp/soshiki/11400/koukinkanri.html,D,対象商品・満期保有・信用リスク管理は確認。R8数値未確認。,大分県 令和8年度 公金 基金 運用 債券 国債,OFFICIAL_SOURCE_FOUND_REAUDITED_2026-09-15
宮崎県,450006,2025,YES,NUMERIC_OFFICIAL_FORECAST,latest_actual,令和7年12月2日 宮崎県議会会議録（公金運用）,https://www.pref.miyazaki.lg.jp/documents/104090/104090_20260218171541-1.pdf,C,公金全体の運用残高と基金利益見込みは確認できるが、基金単独の債券残高・利回りは分離できない。,宮崎県 令和7年度 公金 基金 運用 債券 国債,OFFICIAL_SOURCE_FOUND_REAUDITED_2026-09-15
宮崎県,450006,2026,YES,PARTIAL_OFFICIAL,policy_only,令和8年度第157回宮崎県の財政（R7下半期財政運営・基金状況を含む）,https://www.pref.miyazaki.lg.jp/zaisei/kense/zaise/20260529141701.html,C,安全性・流動性・効率性を重視し債券活用を継続。R8数値未確認。,宮崎県 令和8年度 公金 基金 運用 債券 国債,OFFICIAL_SOURCE_FOUND_REAUDITED_2026-09-15
鹿児島県,460001,2025,YES,PARTIAL_OFFICIAL,year_end_actual,基金の状況（令和7年度）,https://www.pref.kagoshima.jp/ab05/kensei/zaisei/kessan/kikin.html,D,R7基金状況PDFは公開済み。ただし本調査で基金全体の運用商品別残高・利回りの専用比較表は確認できず。,鹿児島県 令和7年度 公金 基金 運用 債券 国債,OFFICIAL_SOURCE_FOUND_REAUDITED_2026-09-15
鹿児島県,460001,2026,YES,SEARCHED_NOT_FOUND,unknown,鹿児島県 公金・基金運用関係公開資料,,D,R8年度途中の比較可能数値を確認できず。,鹿児島県 令和8年度 公金 基金 運用 債券 国債,SEARCHED_NOT_FOUND_REAUDITED_2026-09-15
沖縄県,470007,2025,YES,PARTIAL_OFFICIAL,policy_only,沖縄県産業振興基金 中期見通し,https://www.pref.okinawa.jp/_res/projects/default_project/_page_/001/010/064/r6.3tyuukimitoosi.pdf,D,県全基金ではなく産業振興基金110億円の個別事例。全国基金比較には直接使用しない。,沖縄県 令和7年度 公金 基金 運用 債券 国債,OFFICIAL_SOURCE_FOUND_REAUDITED_2026-09-15
沖縄県,470007,2026,YES,PARTIAL_OFFICIAL,annual_plan,沖縄県産業振興基金／中期見通し,https://www.pref.okinawa.jp/shigoto/keizai/1009879/1009880/1010064.html,D,特定基金のみ。県全基金のポートフォリオではない。,沖縄県 令和8年度 公金 基金 運用 債券 国債,OFFICIAL_SOURCE_FOUND_REAUDITED_2026-09-15
